"","HF","NC","Contrib.HF","Contrib.NC","Contrib","GroupContrib","color","loading","Freq","human_readable"
"GATGAACGCTAGCGACAGGCCTAACACATGCAAGTCGAGGGGCAGCGGGGGAGTTAGCTTGCTAATTCCTGCCGGCGACCGGCGCACGGGTGAGTAACGCGTATGCGACCTTCCCGTCACAGGGGGATAATCCGGAGAAATCCGGTCTAATACCGCATGATATCGAGAGTCTGCATGGATTTTCGATTAAAGGAGCGATCCGGTGACGGATGGGCATGCGTGACATTAGCTAGTCGGCGGGGTAACGGCCCACCGAGGCGACGATGTCTAGGGGTTCTGAGAGGAAGGTCCCCCACACTGGTACTGAGACACGGACCAGACTCCTACGGGAGGCAGCAGTGAGGAATATTGGTCAATGGGCTTACGCCTGAACCAGCCAAGTCGCGTGAGGGAAGACTGCCCTATGGGTTGTAAACCTCTTTTGTCAGGGAGCAACAACATCTACGAGTAGGTGTTACGAGAGTACCTGAAGAAAAAGCATCGGCTAACTCCGTGC",-0.946112660503386,0.938360607426644,FALSE,TRUE,FALSE,"NC","#F68B33",0.466143593832075,1,"k__Bacteria p__Bacteroidetes c__Bacteroidia o__Bacteroidales f__S24-7 g__ s__"
"GATGAACGCTGGCGGCATGCCTAATACATGCAAGTCGAACGGATATCTTCGGATATCAGTGGCGAACGAGTGAGTAACACGTAGAGAACCTGCCCGAACCCGGGGGATACGCTTTGGAAACGAAGTCTAAAACCCCATAGGAAAGAAAGCGGCATCGCTTTCTTTTGAAAAAGGCTCTGGCCTTGGGGACGGATGGATCTGCGGTGCATTAGTTAGTTGGCAGTATAAGAGACTACCAAGACGATGATGCATAGCCGGCCTGAGAGGGCGAACGGCCACACTGGGACTGAGACACGGCCCAGACTCCTGCGGGAGGCAGCAGTAGGGAATTTTCGTCAATGGGCGCAAGCCTGAACGAGCAATGCCGCGTGAGTGAGGAAGGTCTTCGGATCGTAAAGCTCTGTTGCGGGGGAAAAAGGACAGGAAGAGGGAATGCTTTCTGTTTGATGGTACCCCGCCAGAAAGTCACGGCTAACTACGTGC",-0.731547847073752,1.00083904044866,FALSE,TRUE,FALSE,"NC","#F68B33",0.410328901427754,1,"k__Bacteria p__Firmicutes c__Erysipelotrichi o__Erysipelotrichales f__Erysipelotrichaceae g__Allobaculum s__"
"GATGAACGCTGGCGGCATGCCTAATACATGCAAGTCGAACGGATATCTTCGGATATCAGTGGCGAACGGGTGAGTAACACGTAGAGAACCTGCCCGAACCCGGGGGATACGCTTTGGAAACGAAGTCTAAAACCCCATAGGAAAGAAAGCGGCATCGCTTTCTTTTGAAAAAGGCTTTTGCCTTGGGGACGGATGGATCTGCGGTGCATTAGTTAGTTGGCAGTATAAGAGACTACCAAGACGATGATGCATAGCCGGCCTGAGAGGGCGAACGGCCACACTGGGACTGAGACACGGCCCAGACTCCTGCGGGAGGCAGCAGTAGGGAATTTTCGTCAATGGGCGCAAGCCTGAACGAGCAATGCCGCGTGAGTGAGGAAGGTCTTCGGATCGTAAAGCTCTGTTGCGGGGGAAAAAGGACAGGAAGAGGGAATGCTTTCTGTTTGATGGTACCCCGCCAGAAAGTCACGGCTAACTACGTGC",-0.969429320062786,0.963766270189175,FALSE,TRUE,FALSE,"NC","#F68B33",0.400090132119097,1,"k__Bacteria p__Firmicutes c__Erysipelotrichi o__Erysipelotrichales f__Erysipelotrichaceae g__Allobaculum s__"
"GACGAACGCTGGCGGCGTGCTTCATACATGCAAGTCGAACGAGAAGTCTACTTCGGTAGATGGAAAGTGGCGGACGGGTGAGTAAAATGTAGGGAATCTGCCTTTAGGTGGGGGACAACAGTTGGAAACGATTGCTAATACCCCATATGAGCTTAGTTGAGATACTAATCTTGAAAACTCCGGTGCCTAGAGATGAGCCTGCATCTGATTAGCTAGTTGGGGGTGTAATGGACCACCAAGGCGACGATCAGTAGCTGGTTTGAGAGGATGATCAGCCACAATGGGACTGAGACACGGCCCATACTCCTACGGGAGGCAGCAGTAGGGAATTTTGCGCAATGGGGGAAACCCTGACGCAGCAACGCCGCGTGAATGATAAAGCCCTTCGGGGTGTAAAGTTCTGTCAATGGGGACGAAACTTGACGGTACCCATAGAGGAAGCACCGGCTAACTCCGTGC",0.655396269501819,-1.08975439971981,TRUE,FALSE,FALSE,"HF","#388ECC",-0.389728092565879,1,"k__Bacteria p__Cyanobacteria c__4C0d-2 o__YS2 f__ g__ s__"
"GATGAACGCTGGCGGCATGCCTAATACATGCAAGTCGAACGGATATCTTCGGATATCAGTGGCGAACGGGTGAGTAACACGTAGAGAACCTGCCCGAACCCGGGGGATACGCTTTGGAAACGAAGTCTAAAACCCCATAGGAAAGAAAGCGGCATCGCTTTCTTTTGAAAAAGGCTCTGGCCTTGGGGACGGATGGATCTGCGGTGCATTAGTTAGTTGGCAGTATAAGAGACTACCAAGACGATGATGCATAGCCGGCCTGAGAGGGCGAACGGCCACACTGGGACTGAGACACGGCCCAGACTCCTGCGGGAGGCAGCAGTAGGGAATTTTCGTCAATGGGCGCAAGCCTGAACGAGCAATGCCGCGTGAGTGAGGAAGGTCTTCGGATCGTAAAGCTCTGTTGCGGGGGAAAAAGGACAGGAAGAGGGAATGCTTTCTGTTTGATGGTACCCCGCCAGAAAGTCACGGCTAACTACGTGC",-0.968801468232363,0.923309548544429,FALSE,TRUE,FALSE,"NC","#F68B33",0.362734266191934,1,"k__Bacteria p__Firmicutes c__Erysipelotrichi o__Erysipelotrichales f__Erysipelotrichaceae g__Allobaculum s__"
"GATGAACGCTAGCGACAGGCCTAACACATGCAAGTCGAGGGGCAGCGGGGGAGTTAGCTTGCTAATTCCTGCCGGCGACCGGCGCACGGGTGAGTAACGCGTATGCGACCTGCCCGTCACAGGGGGATAATCCGGAGAAATCCGGTCTAATACCGCATAATATCGAGAGTCTGCATGGATTTTCGATTAAAGGAGCGATCCGGTGACGGATGGGCATGCGTGACATTAGCTAGTCGGCGGGGTAACGGCCCACCGAGGCGACGATGTCTAGGGGTTCTGAGAGGAAGGTCCCCCACACTGGTACTGAGACACGGACCAGACTCCTACGGGAGGCAGCAGTGAGGAATATTGGTCAATGGGCTTACGCCTGAACCAGCCAAGTCGCGTGAGGGAAGACTGCCCTATGGGTTGTAAACCTCTTTTGTCAGGGAGCAACAACATCTACGAGTAGGTGTTACGAGAGTACCTGAAGAAAAAGCATCGGCTAACTCCGTGC",-0.836579421359779,0.972495603705117,FALSE,TRUE,FALSE,"NC","#F68B33",0.22471562641451,1,"k__Bacteria p__Bacteroidetes c__Bacteroidia o__Bacteroidales f__S24-7 g__ s__"
"GATGAACGCTGGCGGCATGCCTAATACATGCAAGTCGAACGGAACTTACTTGTTAAGTTCAGTGGCGAACGGGTGAGTAACACGTAGATAACCTGCCCATACCCGGGGGATACGCTTTGGAAACGAAGTCTAAAACCCCATCCGAAAGAACAAGGCATCTTGTCCTTTTTAAACAGGCCATCAAGCCTGGGGGATGAATGGATCTGCGGTGCATTAGTTAGTTGGTAAGGCAATGGCTTACCAAGGCGATGATGCATAGCCGGCCTGAGAGGGCGATCGGCCACACTGGGACTGAGACACGGCCCAGACTCCTGCGGGAGGCAGCAGTAGGGAATTTTCGTCAATGGGCGCAAGCCTGAACGAGCAATGCCGCGTGAGTGAGGAAGGTCTTCGGATCGTAAAGCTCTGTTGCAGGTCAAAAAGGAAGGCAAGAGGAAATGCTTGTCTTTTGATGGTAGCCTGCCAGAAAGTCACGGCTAACTACGTGC",-1.06306547090331,0.908197985394957,FALSE,TRUE,FALSE,"NC","#F68B33",0.219022043856267,1,"k__Bacteria p__Firmicutes c__Erysipelotrichi o__Erysipelotrichales f__Erysipelotrichaceae g__Allobaculum s__"
"GATGAACGCTGGCGGCATGCCTAATACATGCAAGTCGAACGGAACTTACTTGTTAAGTTCAGTGGCGAACGGGTGAGTAACACGTAGATAACCTGCCCATACCCGGGGGATACGCTTTGGAAACGAAGTCTAAAACCCCATCCGAAAGAACAAGGCATCTTGTCCTTTTTAAACAGGCCATCAAGCCTGGGGGATGAATGGATCTGCGGTGCATTAGCTGGTTGGTAAGGCAACGGCTTACCAAGGCGATGATGCATAGCCGGCCTGAGAGGGCGATCGGCCACACTGGGACTGAGACACGGCCCAGACTCCTGCGGGAGGCAGCAGTAGGGAATTTTCGTCAATGGGCGCAAGCCTGAACGAGCAATGCCGCGTGAGTGAGGAAGGTCTTCGGATCGTAAAGCTCTGTTGCAGGTCAAAAAGGAAGGCAAGAGGAAATGCTTGTCTTTTGATGGTAGCCTGCTAGAAAGTCACGGCTAACTACGTGC",-0.834904938853802,1.00261291598809,FALSE,TRUE,FALSE,"NC","#F68B33",0.0961252343203299,1,"k__Bacteria p__Firmicutes c__Erysipelotrichi o__Erysipelotrichales f__Erysipelotrichaceae g__Allobaculum s__"
"GATGAACGCTGGCGGCATGCCTAATACATGCAAGTCGAACGGAACTTACTTGTTAAGTTCAGTGGCGAACGGGTGAGTAACACGTAGATAACCTGCCCATACCCGGGGGATACGCTTTGGAAACGAAGTCTAAAACCCCATCCGAAAGAACAAGGCATCTTGTCCTTTTTAAACAGGCCATCAAGCCTGGGGGATGAATGGATCTGCGGTGCATTAGTTAGTTGGTAAGGCAACGGCTTACCAAGGCGATGATGCATAGCCGGCCTGAGAGGGCGATCGGCCACACTGGGACTGAGACACGGCCCAGACTCCTGCGGGAGGCAGCAGTAGGGAATTTTCGTCAATGGGCGCAAGCCTGAACGAGCAATGCCGCGTGAGTGAGGAAGGTCTTCGGATCGTAAAGCTCTGTTGCAGGTCAAAAAGGAAGGTAAGAGGAAATGCTTGTCTTTTGATGGTAGCCTGCCAGAAAGTCACGGCTAACTACGTGC",-0.834681251893617,0.991777439010713,FALSE,TRUE,FALSE,"NC","#F68B33",0.0825025708741949,0.970588235294118,"k__Bacteria p__Firmicutes c__Erysipelotrichi o__Erysipelotrichales f__Erysipelotrichaceae g__Allobaculum s__"
"GATGAACGCTGGCGGCATGCCTAATACATGCAAGTCGAACGGAACTTACTTGTTAAGTTCAGTGGCGAACGGGTGAGTAACACGTAGATAACCTGCCCATACCCGGGGGATACGCTTTGGAAACGAAGTCTAAAACCCCATCCGAAAGAACAAGGCATCTTGTCCTTTTTAAACAGGCCATCAAGCCTGGGGGATGAATGGATCTGCGGTGCATTAGTTAGTTGGTAAGGCAGCGGCTTACCAAGGCGATGATGCATAGCCGGCCTGAGAGGGCGATCGGCCACACTGGGACTGAGACACGGCCCAGACTCCTGCGGGAGGCAGCAGTAGGGAATTTTCGTCAATGGGCGCAAGCCTGAACGAGCAATGCCGCGTGAGTGAGGAAGGTCTTCGGATCGTAAAGCTCTGTTGCAGGTCAAAAAGGAAGGCGAGAGGAAATGCTTGTCTTTTGATGGTAGCCTGCCAGAAAGTCACGGCTAACTACGTGC",-0.835102773353736,0.99179952373634,FALSE,TRUE,FALSE,"NC","#F68B33",0.0624458241956,0.970588235294118,"k__Bacteria p__Firmicutes c__Erysipelotrichi o__Erysipelotrichales f__Erysipelotrichaceae g__Allobaculum s__"
"GATGAACGCTAGCGACAGGCTTAACACATGCAAGTCGAGGGGCAGCGGGGGCGAAGCTTGCTTCGCCTGCCGGCGACCGGCGCACGGGTGAGTAACACGTATGCAACCTACCCCCTGCAGGGGAATAACCCGGAGAAATCCGGACTAATACCACACGGCACTTTCGGGAGGCATCTCCTGAGGGTTAAAGGAGCGATCCGGCCGGGGATGGGCATGCGGCGCATTAGCTAGTCGGCGGGGTAACGGCCCACCGAGGCGACGATGCGTAGGGGTTCTGAGAGGAAGGTCCCCCACACTGGTACTGAGACACGGACCAGACTCCTACGGGAGGCAGCAGTGAGGAATATTGGTCAATGGGCGGGAGCCTGAACCAGCCAAGTCGCGTGAGGGACGACGGTCCTATGGATTGTAAACCTCTTTTGTCGGGGAACAAAGGCGCCCACGGGTGGGCGGATGAGTGTACCCGAAGAAAAAGCATCGGCTAACTCCGTGC",0.76896479277524,-1.26022507004925,TRUE,FALSE,FALSE,"HF","#388ECC",-0.167919791622846,0.941176470588235,"k__Bacteria p__Bacteroidetes c__Bacteroidia o__Bacteroidales f__S24-7 g__ s__"
"GATGAACGCTAGCGACAGGCCTAACACATGCAAGTCGAGGGGCATCGGGAGAGTTAGCTTGCTAATTCTTGCCGGCGACCGGCGCACGGGTGAGTAACGCGTATGCGACCTGCCCGTCACAGGGGGATAATCCGGAGAAATCCGGTCTAATACCGCATAATATCGAGAGGTTGCATGACCTTTTGATTAAAGGAGCGATCCGGTGACGGATGGGCATGCGTGACATTAGCTAGTCGGCGGGGTAACGGCCCACCGAGGCGACGATGTCTAGGGGTTCTGAGAGGAAGGTCCCCCACACTGGTACTGAGACACGGACCAGACTCCTACGGGAGGCAGCAGTGAGGAATATTGGTCAATGGGCGAATGCCTGAACCAGCCAAGTCGCGTGAGGGAAGACTGCCCTATGGGTTGTAAACCTCTTTTGTCAGGGAGCAACAACATCTACGTGTAGGTGTTACGAGAGTACCTGAAGAAAAAGCATCGGCTAACTCCGTGC",-0.744994990993274,0.967218706324708,FALSE,TRUE,FALSE,"NC","#F68B33",0.15108480503513,0.911764705882353,"k__Bacteria p__Bacteroidetes c__Bacteroidia o__Bacteroidales f__S24-7 g__ s__"
"GATGAACGCTGGCGGCATGCCTAATACATGCAAGTCGAACGGAACTTACTTGTTAAGTTCAGTGGCGAACGGGTGAGTAACACGTAGATAACCTGCCCATACCCGGGGGATACGCTTTGGAAACGAAGTCTAAAACCCCATCCGAAAGAACAAGGCATCTTGTCCTTTTTAAACAGGCCACCAAGCCTGGGGGATGAATGGATCTGCGGTGCATTAGCTGGTTGGTAAGGCAACGGCTTACCAAGGCGATGATGCATAGCCGGCCTGAGAGGGCGATCGGCCACACTGGGACTGAGACACGGCCCAGACTCCTGCGGGAGGCAGCAGTAGGGAATTTTCGTCAATGGGCGCAAGCCTGAACGAGCAATGCCGCGTGAGTGAGGAAGGTCTTCGGATCGTAAAGCTCTGTTGCAGGTCAAAAAGGAAGGCAAGAGGAAATGCTTGTCTTTTGATGGTAGCCTGCCAGAAAGTCACGGCTAACTACGTGC",-0.885288661077363,0.962748244311051,FALSE,TRUE,FALSE,"NC","#F68B33",0.024415145628946,0.735294117647059,"k__Bacteria p__Firmicutes c__Erysipelotrichi o__Erysipelotrichales f__Erysipelotrichaceae g__Allobaculum s__"
"GATGAACGCTAGCGACAGGCTTAACACATGCAAGTCGAGGGGCAGCGGGGAAGTAGCAATACTTCCGCCGGCGACCGGCGCACGGGTGAGTAACACGTATGGAACCTGCCCGTAGCAGGGGGATAAGCGGAAGAAATTCCGTCTAATACCGCGTAATAACTCCGAGAGGCATCTCTTGGGGTTTAAAGGGTAACACCGGCTACGGATGGCCATGCGGCGCATTAGCTAGTTGGCGGGGTAACGGCCCACCAAGGCGACGATGCGTAGGGGTTCTGAGAGGAAGGTCCCCCACACTGGTACTGAGACACGGACCAGACTCCTACGGGAGGCAGCAGTGAGGAATATTGGTCAATGGGCGCGAGCCTGAACCAGCCAAGTCGCGTGAGGGAAGACGGTCCTATGGATTGTAAACCTCTTTTGTCGGGGAGCAAAAGACGCCACGCGTGGCGTTCCGAGAGTACCCGAAGAAAAAGCATCGGCTAACTCCGTGC",0.418071823894282,-0.654994537643861,TRUE,FALSE,FALSE,"HF","#388ECC",-0.0176750018942443,0.588235294117647,"k__Bacteria p__Bacteroidetes c__Bacteroidia o__Bacteroidales f__S24-7 g__ s__"
"GATGAACGCTGGCGGCATGCCTAATACATGCAAGTCGAACGGAACTTACTTGTTAAGTTCAGTGGCGAACGGGTGAGTAACACGTAGATAACCTGCCCATACCCGGGGGATACGCTTTGGAAACGAAGTCTAAAACCCCATCCGAAAGAACAAGGCATCTTGTCCTTTTTAAACAGGCCACTAAGCCTGGGGGATGAATGGATCTGCGGTGCATTAGTTAGTTGGTAAGGCAACGGCTTACCAAGGCGATGATGCATAGCCGGCCTGAGAGGGCGATCGGCCACACTGGGACTGAGACACGGCCCAGACTCCTGCGGGAGGCAGCAGTAGGGAATTTTCGTCAATGGGCGCAAGCCTGAACGAGCAATGCCGCGTGAGTGAGGAAGGTCTTCGGATCGTAAAGCTCTGTTGCAGGTCAAAAAGGAAGGCAAGAGGAAATGCTTGTCTTTTGATGGTAGCCTGCCAGAAAGTCACGGCTAACTACGTGC",-0.886002498110125,0.976849117152794,FALSE,TRUE,FALSE,"NC","#F68B33",0.0213993157831361,0.558823529411765,"k__Bacteria p__Firmicutes c__Erysipelotrichi o__Erysipelotrichales f__Erysipelotrichaceae g__Allobaculum s__"
"GATGAACGCTAGCGACAGGCTTAACACATGCAAGTCGAGGGGCAGCGGGGAGGTAGCAATACTTCCGCCGGCGACCGGCGCACGGGTGAGTAACACGTATGGAACCTGCCCGTAGCAGGGGGATAAGCGGAAGAAATTCCGTCTAATACCGCGTAATAACTCCGAGGGGCATCCCTTGGGGTTTAAAGGGTAACACCGGCTACGGATGGCCATGCGGCGCATTAGCTAGTTGGCGGGGTAACGGCCCACCAAGGCGACGATGCGTAGGGGTTCTGAGAGGAAGGTCCCCCACACTGGTACTGAGACACGGACCAGACTCCTACGGGAGGCAGCAGTGAGGAATATTGGTCAATGGGCGCGAGCCTGAACCAGCCAAGTCGCGTGAGGGAAGACGGTCCTATGGATTGTAAACCTCTTTTGTCGGGGAGCAAAAGACGCCACGCGTGGCGTTCCGAGAGTACCCGAAGAAAAAGCATCGGCTAACTCCGTGC",NA,NA,NA,NA,NA,NA,NA,NA,0.205882352941176,"k__Bacteria p__Bacteroidetes c__Bacteroidia o__Bacteroidales f__S24-7 g__ s__"
"GATGAACGCTGGCGGCGTGCCTAACACATGCAAGTCGAACGAAGCGATTTGACGGAAGTTTTCGGATGGAAGTTGAATTGACTGAGTGGCGGACGGGTGAGTAACGCGTGGGTAACCTGCCTTGTACTGGGGGACAACAGTTAGAAATGACTGCTAATACCGCATAAGCGCACAGTATCGCATGATACGGTGTGAAAAACTCCGGTGGTACAAGATGGACCCGCGTCTGATTAGCTAGTTGGTAAGGTAACGGCTTACCAAGGCGACGATCAGTAGCCGACCTGAGAGGGTGACCGGCCACATTGGGACTGAGACACGGCCCAAACTCCTACGGGAGGCAGCAGTGGGGAATATTGCACAATGGGCGAAAGCCTGATGCAGCGACGCCGCGTGAGCGAAGAAGTATTTCGGTATGTAAAGCTCTATCAGCAGGGAAGAAAATGACGGTACCTGACTAAGAAGCCCCGGCTAACTACGTGC",NA,NA,NA,NA,NA,NA,NA,NA,0.205882352941176,"k__Bacteria p__Firmicutes c__Clostridia o__Clostridiales f__Lachnospiraceae g__ s__"
"GATGAACGCTGGCGGCATGCCTAATACATGCAAGTCGAACGGAACTTACTTGTTAAGTTCAGTGGCGAACGGGTGAGTAACACGTAGATAACCTGCCCATACCCGGGGGATACGCTTTGGAAACGAAGTCTAAAACCCCATCCGAAAGAACAAGGCATCTTGTCCTTTTTAAACAGGCCATCAAGCCTGGGGGATGAATGGATCTGCGGTGCATTAGTTAGTTGGTAAGGCAACGGCTTACCAAGGCGATGATGCATAGCCGGCCTGAGAGGGCGATCGGCCACACTGGGACTGAGACACGGCCCAGACTCCTGCGGGAGGCAGCAGTAGGGAATTTTCGTCAATGGGCGCAAGCCTGAACGAGCAATGCCGCGTGAGTGAGGAAGGTCTTCGGATCGTAAAGCTCTGTTGCAGGTCAAAAAGGAAGGCAAGAGGAAATGCTTGTCTTTTGATGGTAGCCTGCCAGAAAGTCACGGCTAACTACGTGC",NA,NA,NA,NA,NA,NA,NA,NA,0.176470588235294,"k__Bacteria p__Firmicutes c__Erysipelotrichi o__Erysipelotrichales f__Erysipelotrichaceae g__Allobaculum s__"
"ATTGAACGCTGGCGGAACGCTTTACACATGCAAGTCGAACGGTAACGAGGAGGAAAGCTTGCTTTCCTCTGTCGACGAGTGGCGAACGGGTGAGTAAGACATCGGAACGTATCCGCTCGTGGGGGACAACTTCCCGAAAGGGGAGCTAATACCGCATGAGATCCGAGGATGAAAGAGGGGGACCCGCGAGGGCCTCTCGCGAGCGGAGCGGCCGATGACTGATTAGCTAGTTGGTAAGGTAAAGGCTTACCAAGGCGACGATCAGTAGCTGGTCTGAGAGGACGACCAGCCACACTGGGACTGAGACACGGCCCAGACTCCTACGGGAGGCAGCAGTGGGGAATTTTGGACAATGGGCGCAAGCCTGATCCAGCTATTCCGCGTGTGGGAAGACGGCCTTCGGGTTGTAAACCACTTTTGTAGAGAACGAAAAGTCTATTGATAATACCGATAGACGATGACGGTACTCTAAGAATAAGCACCGGCTAACTACGTGC",NA,NA,NA,NA,NA,NA,NA,NA,0.147058823529412,"k__Bacteria p__Proteobacteria c__Betaproteobacteria o__Burkholderiales f__Alcaligenaceae g__Sutterella s__"
"GATGAACGCTGGCGGCGTGCTTAACACATGCAAGTCGAGCGAAGCATTTAAGATGATCTCTTCGGATTGAGTCTTATATGACTGAGCGGCGGACGGGTGAGTAACGCGTGGGTAACCTGCCTCATACAGGGGGATAACAGTTAGAAATGACTGCTAATACCGCATAAGCGCACAGGGCTGCATGGCCCGGTGTGAAAAACTCCGGTGGTATGAGATGGACCCGCGTCTGATTAGCTGGTTGGAGGGGTAACGGCCCACCAAGGCGACGATCAGTAGCCGGCCTGAGAGGGTGAACGGCCACATTGGGACTGAGACACGGCCCAGACTCCTACGGGAGGCAGCAGTGGGGAATATTGCACAATGGGGGAAACCCTGATGCAGCGACGCCGCGTGAAGGAAGAAGTATCTCGGTATGTAAACTTCTATCAGCAGGGAAGAAAATGACGGTACCTGACTAAGAAGCCCCGGCTAACTACGTGC",NA,NA,NA,NA,NA,NA,NA,NA,0.147058823529412,"k__Bacteria p__Firmicutes c__Clostridia o__Clostridiales f__Lachnospiraceae g__Blautia s__producta"
"GATGAACGCTGGCGGCATGCCTAATACATGCAAGTCGAACGGAACTTACTTGTTAAGTTCAGTGGCGAACGGGTGAGTAACACGTAGATAACCTGCCCATACCCGGGGGATACGCTTTGGAAACGAAGTCTAAAACCCCATCCGAAAGAACAAGTCATCTTGTCCTTTTTAAACAGGCTTTCAAGCCTGGGGGATGAATGGATCTGCGGTGCATTAGTTAGTTGGTAAGGCAATGGCTTACCAAGGCGATGATGCATAGCCGGCCTGAGAGGGCGATCGGCCACACTGGGACTGAGACACGGCCCAGACTCCTGCGGGAGGCAGCAGTAGGGAATTTTCGTCAATGGGCGCAAGCCTGAACGAGCAATGCCGCGTGAGTGAGGAAGGTCTTCGGATCGTAAAGCTCTGTTGCAGGTCAAAAAGGAAGGCAAGAGGAAATGCTTGTCTTTTGATGGTAGCCTGCCAGAAAGTCACGGCTAACTACGTGC",NA,NA,NA,NA,NA,NA,NA,NA,0.117647058823529,"k__Bacteria p__Firmicutes c__Erysipelotrichi o__Erysipelotrichales f__Erysipelotrichaceae g__Allobaculum s__"
"GATGAACGCTGGCGGCGTGCTTAACACATGCAAGTCGAACGGAGATTGATTTAACAGAGGCTTCGGTTGAAGTTGTTTTGATCTTAGTGGCGGACGGGTGAGTAACGCGTGGGTAACCTGCCTCATACTGGGGGATAACAGTCAGAAATGACTGCTAATACCGCATAAGCGCACGAAGGCGCATGCCTTTGTGTGAAAAACTCCGGTGGTATGGGATGGACCCGCGTTGGATTAGCTGGTTGGCAGGGTAACGGCCTACCAAGGCGACGATCCATAGCCGGCCTGAGAGGGTGGACGGCCACATTGGGACTGAGACACGGCCCAGACTCCTACGGGAGGCAGCAGTGGGGAATATTGCACAATGGGGGAAACCCTGATGCAGCGACGCCGCGTGAAGGAAGAAGTATCTCGGTATGTAAACTTCTATCAGCAGGGAAGATAATGACGGTACCTGACTAAGAAGCCCCGGCTAACTACGTGC",NA,NA,NA,NA,NA,NA,NA,NA,0.117647058823529,"k__Bacteria p__Firmicutes c__Clostridia o__Clostridiales f__Lachnospiraceae g__Blautia s__"
"GATGAACGCTAGCTACAGGCTTAACACATGCAAGTCGCGGGGCAGCATGGATGTCCTTTCGGGGACATCTGATGGCGACCGGCGTACGGGTGAGTAACGCGTATCCAACCTGCCCTTTACTATGGGACAGCCCGTCGAAAGGCGGATTAATACCGTATGTTGTCATGTTGATGCATATTTTCATGACCAAAGGCTTCGGCCGGTAAAGGATGGGGATGCGTCTGATTAGCTTGCCGGCGGGGTAACGGCCCACCGGGGCGACGATCAGTAGGGGTTCTGAGAGGAAGGTCCCCCACATTGGAACTGAGACACGGTCCAAACTCCTACGGGAGGCAGCAGTGAGGAATATTGGTCAATGGGCGCGAGCCTGAACCAGCCAAGTAGCGTGCAGGACGACGGCCCTATGGGTTGTAAACTGCTTTTATACGGGGATAAAGTATGCCACGTGTGGTTTATTGCAGGTACCGTATGAATAAGGACCGGCTAATTCCGTGC",NA,NA,NA,NA,NA,NA,NA,NA,0.0882352941176471,"k__Bacteria p__Bacteroidetes c__Bacteroidia o__Bacteroidales f__Prevotellaceae g__Prevotella s__"
"AACGAACGCTGGCGGCGTGGATAAGACATGCAAGTCGAACGAGAGAATTGCTAGCTTGCTAATAATTCTCTAGTGGCGCACGGGTGAGTAACACGTGAGTAACCTGCCCCCGAGAGCGGGATAGCCCTGGGAAACTGGGATTAATACCGCATAGAATCGCAAGATTAAAGCAGCAATGCGCTTGGGGATGGGCTCGCGGCCTATTAGTTAGTTGGTGAGGTAACGGCTCACCAAGGCGATGACGGGTAGCCGGTCTGAGAGGATGTCCGGCCACACTGGAACTGAGACACGGTCCAGACACCTACGGGTGGCAGCAGTCGAGAATCATTCACAATGGGGGAAACCCTGATGGTGCGACGCCGCGTGGGGGAATGAAGGTCTTCGGATTGTAAACCCCTGTCATGTGGGAGCAAATTAAAAAGATAGTACCACAAGAGGAAGAGACGGCTAACTCTGTGC",NA,NA,NA,NA,NA,NA,NA,NA,0.0294117647058824,"k__Bacteria p__Verrucomicrobia c__Verrucomicrobiae o__Verrucomicrobiales f__Verrucomicrobiaceae g__Akkermansia s__muciniphila"
"GACGAACGCTGGCGGCGCGCCTAACACATGCAAGTCGAACGGAGCTGTTTTCTCTGAAGTTTTCGGATGGAAGAGAGTTCAGCTTAGTGGCGAACGGGTGAGTAACACGTGAGCAACCTGCCTTTCAGTGGGGGACAACATTTGGAAACGAATGCTAATACCGCATAAGACCACAGTGTCGCATGGCACAGGGGTCAAAGGATTTATCCGCTGAAAGATGGGCTCGCGTCCGATTAGCTAGATGGTGAGGTAACGGCCCACCATGGCGACGATCGGTAGCCGGACTGAGAGGTTGAACGGCCACATTGGGACTGAGACACGGCCCAGACTCCTACGGGAGGCAGCAGTGGGGAATATTGCACAATGGGGGAAACCCTGATGCAGCGACGCCGCGTGGAGGAAGAAGGTCTTCGGATTGTAAACTCCTGTCCCAGGGGACGATAATGACGGTACCCTGGGAGGAAGCACCGGCTAACTACGTGC",NA,NA,NA,NA,NA,NA,NA,NA,0.0294117647058824,"k__Bacteria p__Firmicutes c__Clostridia o__Clostridiales f__Ruminococcaceae g__ s__"
"GATGAACGCTGGCGGCATGCCTAATACATGCAAGTCGAACGAGAGACCTTCGGGTCTCTAGTGGCGAACGGGTGAGTAACACGTAGGGAACCTGCCCGCGCACCGGGAATACGCTCTGGAAACGGAGAACAAATCCCGATGTACAGGAAGGAGGCATCTTCTTTCTGTGAAACATCCTTTCGGGGATGGGGCGCGGATGGACCTGCGGTGCATTAGTTGGTTGGCGGGGTAAAGGCCCACCAAGACGATGATGCATAGCCGGCCTGAGAGGGCGGACGGCCACATTGGGACTGAGACACGGCCCAGACTCCTGCGGGAGGCAGCAGTAGGGAATTTTCGTCAATGGGCGCAAGCCTGAACGAGCGATGCCGCGTGAGTGAAGAAGGCCTTCGGGTCGTAAAGCTCTGTTGCGGGGGAAAAAAGGCAGCATCAGGAAATGGGTGCTGACTGATGGTGCCCCGCCAGAAAGTCACGGCTAACTACGTGC",NA,NA,NA,NA,NA,NA,NA,NA,0.0294117647058824,"k__Bacteria p__Firmicutes c__Erysipelotrichi o__Erysipelotrichales f__Erysipelotrichaceae g__Allobaculum s__"
"GATGAACGCTGGCGGCGTGCCTAATACATGCAAGTCGAGCGAACCACTTCGGTGGGAAGCGGCGAACGGGTGAGTAACACGTAGGTGATCTGCCCATCAGACGGGGACAACGATTGGAAACGATCGCTAATACCGGATAGGACGAAAGTTTAAAGATGCTCCTGGCATCACTGATGGATGAGCCTGCGGCGCATTAGCTAGTTGGTGGGGTAAAGGCCTACCAAGGCGACGATGCGTAGCCGACCTGAGAGGGTGAACGGCCACACTGGGACTGAGACACGGCCCAGACTCCTACGGGAGGCAGCAGTAGGGAATCTTCGGCAATGGGCGAAAGCCTGACCGAGCAACGCCGCGTGAATGAAGAAGGCCTTCGGGTTGTAAAATTCTGTTATAAGGGAAGAAAGGTGATAGGAGGAAATGACTATCAATTGACGGTACCTTATGAGAAAGCCACGGCTAACTACGTGC",NA,NA,NA,NA,NA,NA,NA,NA,0.0294117647058824,"k__Bacteria p__Firmicutes c__Bacilli o__Turicibacterales f__Turicibacteraceae g__Turicibacter s__"
