"","Ex","Sed","Contrib.Ex","Contrib.Sed","Contrib","GroupContrib","color","loading","Freq","human_readable"
"GATGAACGCTAGCTACAGGCTTAACACATGCAAGTCGCGGGGCAGCATGACATCAGCTTGCTGATGTTGATGGCGACCGGCGCACGGGTGAGTAACGCGTATCCAACCTGCCCTTTACTATGGGACAGCCCGTCGAAAGGCGGATTAATACCGTATGTTGTCATGTTGATGCATATTTTCATGACCAAAGGCTTCGGCCGGTAAAGGATGGGGATGCGTCTGATTAGCTTGCCGGCGGGGTAACGGCCCACCGGGGCGACGATCAGTAGGGGTTCTGAGAGGAAGGTCCCCCACATTGGAACTGAGACACGGTCCAAACTCCTACGGGAGGCAGCAGTGAGGAATATTGGTCAATGGGCGCGAGCCTGAACCAGCCAAGTAGCGTGCAGGACGACGGCCCTATGGGTTGTAAACTGCTTTTATACGGGGATAAAGTATGCCACGTGTGGTTTATTGCAGGTACCGTATGAATAAGGACCGGCTAATTCCGTGC",-0.168086689097182,0.0183926672271894,FALSE,TRUE,FALSE,"Sed","#F68B33",0.676511419859557,0.264705882352941,"k__Bacteria p__Bacteroidetes c__Bacteroidia o__Bacteroidales f__Prevotellaceae g__Prevotella s__"
"GATGAACGCTGGCGGCATGCCTAATACATGCAAGTCGAACGGATATCTTCGGATATCAGTGGCGAACGGGTGAGTAACACGTAGAGAACCTGCCCGAACCCGGGGGATACGCTTTGGAAACGAAGTCTAAAACCCCATAGGAAAGAAAGCGGCATCGCTTTCTTTTGAAAAAGGCTTTTGCCTTGGGGACGGATGGATCTGCGGTGCATTAGTTAGTTGGCAGTATAAGAGACTACCAAGACGATGATGCATAGCCGGCCTGAGAGGGCGAACGGCCACACTGGGACTGAGACACGGCCCAGACTCCTGCGGGAGGCAGCAGTAGGGAATTTTCGTCAATGGGCGCAAGCCTGAACGAGCAATGCCGCGTAAGTGAGGAAGGTCTTCGGATCGTAAAGCTCTGTTGCGGGGGAAAAAGGACAGGAAGAGGGAATGCTTTCTGTTTGATGGTACCCCGCCAGAAAGTCACGGCTAACTACGTGC",NA,NA,NA,NA,NA,NA,NA,NA,0.264705882352941,"k__Bacteria p__Firmicutes c__Erysipelotrichi o__Erysipelotrichales f__Erysipelotrichaceae g__Allobaculum s__"
"GATGAACGCTGGCGGCGTGCTTAACACATGCAAGTCGAACGGAGATTGATTTAACAGAGACTTCGGTTGAAGTTGTTTTGATCTTAGTGGCGGACGGGTGAGTAACGCGTGGGTAACCTGCCTCATACTGGGGGATAACAGTCAGAAATGACTGCTAATACCGCATAAGCGCACGAAGGCGCATGCCTTTGTGTGAAAAACTCCGGTGGTATGGGATGGACCCGCGTTGGATTAGCTGGTTGGCAGGGCAGCGGCCTACCAAGGCGACGATCCATAGCCGGCCTGAGAGGGTGGACGGCCACATTGGGACTGAGACACGGCCCAGACTCCTACGGGAGGCAGCAGTGGGGAATATTGCACAATGGGGGAAACCCTGATGCAGCGACGCCGCGTGAAGGAAGAAGTATCTCGGTATGTAAACTTCTATCAGCAGGGAAGATAATGACGGTACCTGACTAAGAAGCCCCGGCTAACTACGTGC",-0.0017706029645716,0.385288360562399,FALSE,TRUE,FALSE,"Sed","#F68B33",0.736432141340671,0.235294117647059,"k__Bacteria p__Firmicutes c__Clostridia o__Clostridiales f__Lachnospiraceae g__Blautia s__"
"GATGAACGCTGGCGGCGTGCCTAACACATGCAAGTCGAACGAAGCGACTGGAGGAAGTTTTCGGATGGAATCCGGTTGACTGAGTGGCGGACGGGTGAGTAACGCGTGGATAACCTGCCTCACACTGGGGGATAACAGTTAGAAATGGCTGCTAATACCGCATAAGCGCACAGTACCGCATGGTACGGTGTGAAAAACCCAGGTGGTGTGAGATGGATCCGCGTCTGATTAGCCAGTTGGCGGGGTAACGGCCCACCAAAGCGACGATCAGTAGCCGACCTGAGAGGGTGACCGGCCACATTGGGACTGAGACACGGCCCAAACTCCTACGGGAGGCAGCAGTGGGGAATATTGCACAATGGGCGCAAGCCTGATGCAGCGACGCCGCGTGAGTGAAGAAGTATCTCGGTATGTAAAGCTCTATCAGCAGGGAAGAAAATGACGGTACCTGACTAAGAAGCCCCGGCTAACTACGTGC",NA,NA,NA,NA,NA,NA,NA,NA,0.205882352941176,"k__Bacteria p__Firmicutes c__Clostridia o__Clostridiales f__Lachnospiraceae g__Clostridium s__citroniae"
"GATAAACGCTGGCGGCGCACATAAGACATGCAAGTCGAACGGACTTAACCATTAGTTTACTATTGGAGCGGTTAGTGGCGGACTGGTGAGTAACACGTAAGCAACCTGCCTATCAGAGGGGAACAACAGTTAGAAATGACTGCTAATACCGCATATGCCTTGAGTATCACATGGTACAAAAGGGAAAGGAGTAATCCGCTGATAGATGGGCTTGCGTCTGATTAGATAGTTGGTGGGGTAACGGCCTACCAAGTCGACGATCAGTAGCCGGACTGAGAGGTTGAACGGCCACATTGGGACTGAGATACGGCCCAGACTCCTACGGGAGGCAGCAGTCGGGAATATTGCGCAATGGAGGAAACTCTGACGCAGTGACGCCGCGTGCAGGAAGAAGGTTTTCGGATTGTAAACTGCTTTAGACAGGGAAGAAACAAGACAGTACCTGTAGAATAAGCTCCGGCTAACTACGTGC",NA,NA,NA,NA,NA,NA,NA,NA,0.147058823529412,"k__Bacteria p__Firmicutes c__Clostridia o__Clostridiales f__ g__ s__"
"GACGAACGCTGGCGGCGTGCCTAATACATGCAAGTCGAGCGAGCTTGCCTAGATGATTTTAGTGCTTGCACTAAATGAAACTAGATACAAGCGAGCGGCGGACGGGTGAGTAACACGTGGGTAACCTGCCCAAGAGACTGGGATAACACCTGGAAACAGATGCTAATACCGGATAACAACACTAGACGCATGTCTAGAGTTTGAAAGATGGTTCTGCTATCACTCTTGGATGGACCTGCGGTGCATTAGCTAGTTGGTAAGGTAACGGCTTACCAAGGCAATGATGCATAGCCGAGTTGAGAGACTGATCGGCCACATTGGGACTGAGACACGGCCCAAACTCCTACGGGAGGCAGCAGTAGGGAATCTTCCACAATGGACGAAAGTCTGATGGAGCAACGCCGCGTAAGTGAAGAAGGGTTTCGGCTCGTAAAGCTCTGTTGGTAGTGAAGAAAGATAGAGGTAGTAACTGGCCTTTATTTGACGGTAATTACTTAGAAAGTCACGGCTAACTACGTGC",NA,NA,NA,NA,NA,NA,NA,NA,0.117647058823529,"k__Bacteria p__Firmicutes c__Bacilli o__Lactobacillales f__Lactobacillaceae g__Lactobacillus s__"
"GATGAACGCTGGCGGCATGCCTAATACATGCAAGTCGAACGGTATCTTTGGATACAGTGGCGAACGGGTGAGTAACACGTAGGGAACCTGGCCATACCTGGGGGATAATTTCTGGAAACGGAAACTAATACCGCATGGGTTTTGCTTAAGCCTTTAAGCGAAATGAAAGAAGCGCGAGACGCTTCGGGGATGGATGGTCCTGCGCTGCATTAGCTGGCTGGTGAGGCAACGGCTCACCAGGGCGATGATGCATAGCCGGCCTGAGAGGGCGGACGGCCACACTGGGACTGAGACACGGCCCAGACTCCTGCGGGAGGCAGCAGTAGGGAATTTTCGTCAATGGGGGCAACCCTGAACGAGCAATGCCGCGTAAGCGAAGAAGGTCTTCGGATTGTAAAGCTCTGTTGCCGGGGAAAAAGGAAGGAAAGAGGAAATGCTTTTCTTTGGATGGTACCCGGCCAGAAAGTCACGGCTAACTACGTGC",NA,NA,NA,NA,NA,NA,NA,NA,0.117647058823529,"k__Bacteria p__Firmicutes c__Erysipelotrichi o__Erysipelotrichales f__Erysipelotrichaceae g__Allobaculum s__"
"GATGAACGCTGGCGGCGTGCCTAACACATGCAAGTCGAACGAAGCAATCAGGAGGAAGTTTTCGGATGGAATCCTGGTTGACTGAGTGGCGGACGGGTGAGTAACGCGTGGATAACCTGCCTCACACTGGGGGATAACAGTTAGAAATGGCTGCTAATACCGCATAAGCGCACAGTACCGCATGGTACGGTGTGAAAAACCCAGGTGGTGTGAGATGGATCCGCGTCTGATTAGCCAGTTGGCGGGGTAACGGCCCACCAAAGCGACGATCAGTAGCCGACCTGAGAGGGTGACCGGCCACATTGGGACTGAGACACGGCCCAAACTCCTACGGGAGGCAGCAGTGGGGAATATTGCACAATGGGCGCAAGCCTGATGCAGCGACGCCGCGTGAGTGAAGAAGTATCTCGGTATGTAAAGCTCTATCAGCAGGGAAGAAAATGACGGTACCTGACTAAGAAGCCCCGGCTAACTACGTGC",NA,NA,NA,NA,NA,NA,NA,NA,0.0882352941176471,"k__Bacteria p__Firmicutes c__Clostridia o__Clostridiales f__Lachnospiraceae g__Clostridium s__citroniae"
"GATGAACGCTGGCGGCGTGCCTAACACATGCAAGTCGAACGAAGCGATTTGACGGAAGTTTTCGGATGGAAGTTGAATTGACTGAGTGGCGGACGGGTGAGTAACGCGTGGGTAACCTGCCTTGTACTGGGGGACAACAGTTAGAAATGACTGCTAATACCGCATAAGCGCACAGTATCGCATGATACGGTGTGAAAAACTCCGGTGGTACAAGATGGACCCGCGTCTGATTAGCTAGTTGGTAAGGTAACGGCTTACCAAGGCGACGATCAGTAGCCGACCTGAGAGGGTGACCGGCCACATTGGGACTGAGACACGGCCCAAACTCCTACGGGAGGCAGCAGTGGGGAATATTGCACAATGGGCGAAAGCCTGATGCAGCGACGCCGCGTGAGCGAAGAAGTATTTCGGTATGTAAAGCTCTATCAGCAGGGAAGAAAATGACGGTACCTGACTAAGAAGCCCCGGCTAACTACGTGC",NA,NA,NA,NA,NA,NA,NA,NA,0.0882352941176471,"k__Bacteria p__Firmicutes c__Clostridia o__Clostridiales f__Lachnospiraceae g__ s__"
"GACGAACGCTGGCGGCGTGCCTAACACATGCAAGTCGAACGAAGCTTGATTTATGAATTCTTCGGAATGATTAAAGATATGACTGAGTGGCGGACGGGTGAGTAACGCGTGAGTAACCTGCCCTTAGGAAAGGGATAGCGTCTGGAAACGGACGGTAATACCATATAAAGTATATTAACGGCATCGTAGATATACCAAAGCTGAGGCGCCTAAGGATGGACTCGCGTCTGATTAGATAGTTGGTGGGGTAACGGCCTACCAAGTCGACGATCAGTAGCCGGACTGAGAGGTTGAACGGCCACATTGGGACTGAGACACGGCCCAGACTCCTACGGGAGGCAGCAGTGGGGAATATTGCACAATGGGCGAAAGCCTGATGCAGCAACGCCGCGTGAAGGAAGACGGTTTTCGGATTGTAAACTTCTGTTCTTAGTGAAGAATAATGACGGTAACTAAGGAGCAAGCCACGGCTAACTACGTGC",NA,NA,NA,NA,NA,NA,NA,NA,0.0588235294117647,"k__Bacteria p__Firmicutes c__Clostridia o__Clostridiales f__Ruminococcaceae g__ s__"
"GACGAACGCTGGCGGCGTGCCTAATACATGCAAGTCGAGCGAGCTTGCCTAGATGATTTTAGTGCTTGCACTAAATGAAACTAGATACAAGCGAGCGGCGGACGGGTGAGTAACACGTGGGTAACCTGCCCAAGAGACTGGGATAACACCTGGAAACAGATGCTAATACCGGATAACAACACTAGACGCATGTCTAGAGTTTGAAAGATGGTTCTGCTATCACTCTTGGATGGACCTGCGGTGCATTAGCTAGTTGGTAAGGTAACGGCTTACCAAGGCAATGATGCATAGCCGAGTTGAGAGACTGATCGGCCACATTGGGACTGAGACACGGCCCAAACTCCTACGGGAGGCAGCAGTAGGGAATCTTCCACAATGGACGAAAGTCTGATGGAGCAACGCCGCGTGAGTGAAGAAGGGTTTCGGCTCGTAAAGCTCTGTTGGTAGTGAAGAAAGATAGAGGTAGTAACTGGCCTTTATTTGACGGTAATTACTTAGAAAGTCACGGCTAACTACGTGC",NA,NA,NA,NA,NA,NA,NA,NA,0.0294117647058824,"k__Bacteria p__Firmicutes c__Bacilli o__Lactobacillales f__Lactobacillaceae g__Lactobacillus s__"
"GATGAACGCTAGCGACAGGCTTAACACATGCAAGTCGAGGGGCAGCGGGGATGAAGCTTGCTTCATCCGCCGGCGACCGGCGCACGGGTGAGTAACACGTATGCAACCTGCCCCTGGCTGGGGGATAAGCCGGAGAAATCCGGTCTAATACCGCGTAACATCCTTACGGGACATCCCGTTAGGATCAAAGGAAGCGATTCCGGCCAGGGATGGGCATGCGGCGCATTAGCTAGTCGGCGGGGTAGCGGCCCACCGAGGCGACGATGCGTAGGGGTTCTGAGAGGAAGGTCCCCCACACTGGTACTGAGACACGGACCAGACTCCTACGGGAGGCAGCAGTGAGGAATATTGGTCAATGGGCGCGAGCCTGAACCAGCCAAGTCGCGTGAGGGAAGACGGTCCTATGGATTGTAAACCTCTTTTGCCGGGGAGCAAGCTGAGTCACGTGTGGCTCAGCTGAGAGTACCCGGAGAAAAAGCATCGGCTAACTCCGTGC",NA,NA,NA,NA,NA,NA,NA,NA,0.0294117647058824,"k__Bacteria p__Bacteroidetes c__Bacteroidia o__Bacteroidales f__S24-7 g__ s__"
"GATGAACGCTAGCGACAGGCTTAACACATGCAAGTCGAGGGGCAGCGGGGGCGAAGCTTGCTTCGCCTGCCGGCGACCGGCGCACGGGTGAGTAACACGTATGCAACCTACCCCCTGCAGGGGAATAACCCGGAGAAATCCGGACTAATACCACACGGCACTTTCGGGAGGCATCTCCTGAGGGTTAAAGGAGCGATCCGGCCGGGGATGGGCATGCGGCGCATTAGCTAGTCGGCGGGGTAACGGCCCACCGAGGCAACGATGCGTAGGGGTTCTGAGAGGAAGGTCCCCCACACTGGTACTGAGACACGGACCAGACTCCTACGGGAGGCAGCAGTGAGGAATATTGGTCAATGGGCGGGAGCCTGAACCAGCCAAGTCGCGTGAGGGACGACGGTCCTATGGATTGTAAACCTCTTTTGTCGGGGAACAAAGGCGTCCACGAGTGGGCGGATGAGTGTACCCGAAGAAAAAGCATCGGCTAACTCCGTGC",NA,NA,NA,NA,NA,NA,NA,NA,0.0294117647058824,"k__Bacteria p__Bacteroidetes c__Bacteroidia o__Bacteroidales f__S24-7 g__ s__"
"GATGAACGCTAGCGACAGGCTTAACACATGCAAGTCGAGGGGCAGCGGGGGCGAAGCTTGCTTCGCCTGCCGGCGACCGGCGCACGGGTGAGTAACACGTATGCAACCTACCCCCTGCAGGGGAATAACCCGGAGAAATCCGGACTAATACCACACGGCACTTTCGGGAGGCATCTCCTGAGGGTTAAAGGAGCGATCCGGCCGGGGATGGGCATGCGGCGCATTAGCTAGTCGGCGGGGTAACGGCCCACCGAGGCGACGATGCGTAGGGGTTCTGAGAGGAAGGTCCCCCACACTGGTACTGAGACACGGACCAGACTCCTACGGGAGGCAGCAGTGAGGAATATTGGTCAATGGGCGGGAGCCTGAACCAGCCAAGTCGCGTGAGGGACGACGGTCCTATGGATTGTAAACCTCTTTTGTCGGGGAACAAAGGCGCCCACGGGTGGGCGGATGAGTGTACCCGAAGAAAAAGCATCGGCTAACTCCGTGC",NA,NA,NA,NA,NA,NA,NA,NA,0.0294117647058824,"k__Bacteria p__Bacteroidetes c__Bacteroidia o__Bacteroidales f__S24-7 g__ s__"
"GATGAACGCTAGCGGCAGGCTTAACACATGCAAGTCGAACGGCAGCGGGGATTCACTTCGGTGAATCTGCCGGCGAGTGGCGCACGGGTGAGTAACACGTATGCAACCTGCCTCTGTCAGGGGTATAACTCTGCGAAAGTAGGGCTAATACCGCGTATATTCCCGGAGGGCATCCTCCGGGGAGGAAAGGTTTCGGCCGGACAGAGATGGGCATGCGGCGCATTAGGCAGTTGGCGGGGTAACGGCCCACCAAACCGACGATGCGTAGGGGTTCTGAGAGGAAGGTCCCCCACACTGGTACTGAGACACGGACCAGACTCCTACGGGAGGCAGCAGTGAGGAATATTGGTCAATGGCCGGAAGGCTGAACCAGCCAAGCCGCGTGAAGGACGAAGGTGCCAAGCATTGTAAACTTCTTTTGTCAAGGGACAAAATCAGGCTCGAGAGCCTGACCGAGGGTACTTGAAGAAAAAGCATCGGCTAACTCCGTGC",NA,NA,NA,NA,NA,NA,NA,NA,0.0294117647058824,"k__Bacteria p__Bacteroidetes c__Bacteroidia o__Bacteroidales f__S24-7 g__ s__"
"GATGAACGCTAGCTACAGGCTTAACACATGCAAGTCGAGGGGCAGCATGAAAGTTTGCTTGCAAACTTTTGATGGCGACCGGCGCACGGGTGAGTAACACGTATCCAACCTGCCTCATACTCGGGGATAGCCTTTCGAAAGAAAGATTAATACCCGATGTCATAGTCCTACCGCATGATGGGACTATTAAAGAATTTCGGTATGGGATGGGGATGCGTTCCATTAGTTAGTTGGCGGGGTAACGGCCCACCAAGACAACGATGGATAGGGGTTCTGAGAGGAAGGTCCCCCACATTGGAACTGAGACACGGTCCAAACTCCTACGGGAGGCAGCAGTGAGGAATATTGGTCAATGGACGAGAGTCTGAACCAGCCAAGTAGCGTGAAGGATGACTGCCCTATGGGTTGTAAACTTCTTTTATATGGGAATAAAACGTTCCACGTGTGGGATTTTGTATGTACCATATGAATAAGGATCGGCTAACTCCGTGC",NA,NA,NA,NA,NA,NA,NA,NA,0.0294117647058824,"k__Bacteria p__Bacteroidetes c__Bacteroidia o__Bacteroidales f__Bacteroidaceae g__Bacteroides s__acidifaciens"
"GATGAACGCTAGCTACAGGCTTAACACATGCAAGTCGAGGGGCAGCATGAAAGTTTGCTTGCAAACTTTTGATGGCGACCGGCGCACGGGTGAGTAACACGTATCCAACCTGCCTCATACTCGGGGATAGCCTTTCGAAAGAAAGATTAATACCCGATGTCATAGTCCTACCGCATGATGGGATTATTAAAGAATTTCGGTATGGGATGGGGATGCGTTCCATTAGTTAGTTGGCGGGGTAACGGCCCACCAAGACGACGATGGATAGGGGTTCTGAGAGGAAGGTCCCCCACATTGGAACTGAGACACGGTCCAAACTCCTACGGGAGGCAGCAGTGAGGAATATTGGTCAATGGACGAGAGTCTGAACCAGCCAAGTAGCGTGAAGGATGACTGCCCTATGGGTTGTAAACTTCTTTTATATGGGAATAAAATGTTCCACGTGTGGGATTTTGTATGTACCATATGAATAAGGATCGGCTAACTCCGTGC",NA,NA,NA,NA,NA,NA,NA,NA,0.0294117647058824,"k__Bacteria p__Bacteroidetes c__Bacteroidia o__Bacteroidales f__Bacteroidaceae g__Bacteroides s__acidifaciens"
"GATGAACGCTAGCTACAGGCTTAACACATGCAAGTCGCGGGGCAGCATGGATGTCCTTTCGGGGACATCTGATGGCGACCGGCGCACGGGTGAGTAACGCGTATCCAACCTGCCCTTTACTATGGGACAGCCCGTCGAAAGGCGGATTAATACCGTATGTTGTCATGTTGATGCATATTTTCATGACCAAAGGCTTCGGCCGGTAAAGGATGGGGATGCGTCTGATTAGCTTGCCGGCGGGGTAACGGCCCACCGGGGCGACGATCAGTAGGGGTTCTGAGAGGAAGGTCCCCCACATTGGAACTGAGACACGGTCCAAACTCCTACGGGAGGCAGCAGTGAGGAATATTGGTCAATGGGCGCGAGCCTGAACCAGCCAAGTAGCGTGCAGGACGACGGCCCTATGGGTTGTAAACTGCTTTTATACGGGGATAAAGTATGCCACGTGTGGTTTATTGCAGGTACCGTATGAATAAGGACCGGCTAATTCCGTGC",NA,NA,NA,NA,NA,NA,NA,NA,0.0294117647058824,"k__Bacteria p__Bacteroidetes c__Bacteroidia o__Bacteroidales f__Prevotellaceae g__Prevotella s__"
"GATGAACGCTGGCGGCATGCCTAATACATGCAAGTCGAACGGTATCTTTGGATACAGTGGCGAACGGGTGAGTAACACGTAGGGAACCTGGCCATACCTGGGGGATAATTTCTGGAAACGGAAACTAATACCGCATGGGTTTTGCTTAAGCCTTTAAGCGAAATGAAAGAAGCGTACGACGCTTCGGGGATGGATGGTCCTGCGCTGCATTAGCTGGCTGGTGAGGCAACGGCTCACCAGGGCGATGATGCATAGCCGGCCTGAGAGGGCGGACGGCCACACTGGGACTGAGACACGGCCCAGACTCCTGCGGGAGGCAGCAGTAGGGAATTTTCGTCAATGGGGGCAACCCTGAACGAGCAATGCCGCGTGAGCGAAGAAGGTCTTCGGATTGTAAAGCTCTGTTGCCGGGGAAAAAGGAAGGAAAGAGGAAATGCTTTTCTTTGGATGGTACCCGGCCAGAAAGTCACGGCTAACTACGTGC",NA,NA,NA,NA,NA,NA,NA,NA,0.0294117647058824,"k__Bacteria p__Firmicutes c__Erysipelotrichi o__Erysipelotrichales f__Erysipelotrichaceae g__Allobaculum s__"
"GATGAACGCTGGCGGCGTGCCTAACACATGCAAGTCGAGCGAAGCGATTTTGAGGAAGTTTTCGGATGGAATCGAAATTGACTTAGCGGCGGACGGGTGAGTAACACGTGGGTAATCTGCCTTATACAGGGGGATAACAGTTAGAAATGACTGCTAATACCGCATAAGCGCACGGGGACGCATGTTTCTGTGTGAAAAACTCCGGTAGTATAAGATGAGCCCGCGTCTGATTAGCTGGTTGGTGGGGTAACGGCCTACCAAGGCGACGATCAGTAGCCGGCCTGAGAGGGTGAACGGCCACATTGGGACTGAGACACGGCCCAAACTCCTACGGGAGGCAGCAGTGGGGAATATTGCACAATGGGGGAAACCCTGATGCAGCGACGCCGCGTGAGTGAAGAAGTATTTCGGTATGTAAAGCTCTATCAGCAGGGAAGAAAAAAGACGGTACCTGACTAAGAAGCCCCGGCTAACTACGTGC",NA,NA,NA,NA,NA,NA,NA,NA,0.0294117647058824,"k__Bacteria p__Firmicutes c__Clostridia o__Clostridiales f__Lachnospiraceae g__ s__"
"GATGAACGCTGGCGGCGTGCCTAACACATGCAAGTCGAGCGAAGCGATTTTGAGGAAGTTTTCGGATGGAATCGAAATTGACTTAGCGGCGGACGGGTGAGTAACACGTGGGTAATCTGCCTTATACAGGGGGATAACAGTTAGAAATGACTGCTAATACCGCATAAGCGCACGGGGACGCATGTTTCTGTGTGAAAAACTCCGGTAGTATAAGATGAGCCCGCGTCTGATTAGCTGGTTGGTGGGGTAACGGCCTACCAAGGCGACGATCAGTAGCCGGCCTGAGAGGGTGAACGGCCACATTGGGACTGAGACACGGCCCAAACTCCTACGGGAGGCAGCAGTGGGGAATATTGCACAATGGGGGAAACCCTGATGCAGCGACGCCGCGTGAGTGAAGAAGTATTTCGGTATGTAAAGCTCTATCAGCAGGGAAGAAAATGACGGTACCTGACTAAGAAGCCCCGGCTAACTACGTGC",NA,NA,NA,NA,NA,NA,NA,NA,0.0294117647058824,"k__Bacteria p__Firmicutes c__Clostridia o__Clostridiales f__Lachnospiraceae g__ s__"
"GATGAACGCTGGCGGCGTGCCTAACACATGCAAGTCGAGCGGAGCGGTCTTGATGAAGTTTTCGGATGGAATCAGGATTGACTTAGCGGCGGACGGGTGAGTAACACGTGGATAACCTGCCTTATACTGGGGGATAACAGCCAGAAATGGCTGCTAATACCGCATAAGCGCACGGCGCCGCATGGCGCAGTGTGAAAAACTCCGGTGGTATAAGATGGATCCGCGCCTGATTAGCTAGTTGGCGGGGCAGCGGCCCACCAAGGCGACGATCAGTAGCCGGCCTGAGAGGGCGACCGGCCACATTGGGACTGAGACACGGCCCAAACTCCTACGGGAGGCAGCAGTGGGGAATATTGCACAATGGGGGGAACCCTGATGCAGCGACGCCGCGTGAGTGAAGAAGTATTTCGGTATGTAAAGCTCTATCAGCAGGGAAGAAGATGACGGTACCTGACTAAGAAGCCCCGGCTAACTACGTGC",NA,NA,NA,NA,NA,NA,NA,NA,0.0294117647058824,"k__Bacteria p__Firmicutes c__Clostridia o__Clostridiales f__Lachnospiraceae g__ s__"
"GATGAACGCTGGCGGCGTGCCTAATACATGCAAGTCGAGCGAACCACTTCGGTGGGAAGCGGCGAACGGGTGAGTAACACGTAGGTGATCTGCCCATCAGACGGGGACAACGATTGGAAACGATCGCTAATACCGGATAGGACGAAAGTTTAAAGATGCTCCTGGCATCACTGATGGATGAGCCTGCGGCGCATTAGCTAGTTGGTGGGGTAAAGGCCTACCAAGGCGACGATGCGTAGCCGACCTGAGAGGGTGAACGGCCACACTGGGACTGAGACACGGCCCAGACTCCTACGGGAGGCAGCAGTAGGGAATCTTCGGCAATGGGCGAAAGCCTGACCGAGCAACGCCGCGTGAATGAAGAAGGCCTTCGGGTTGTAAAATTCTGTTATAAGGGAAGAAAGGTGATAGGAGGAAATGACTATCAATTGACGGTACCTTATGAGAAAGCCACGGCTAACTACGTGC",NA,NA,NA,NA,NA,NA,NA,NA,0.0294117647058824,"k__Bacteria p__Firmicutes c__Bacilli o__Turicibacterales f__Turicibacteraceae g__Turicibacter s__"
"GATGAACGCTGGCGGCGTGCTTAACACATGCAAGTCGAACGAAGCACTTTAAAATGCTTGCATTTTGAAGTGACTGAGTGGCGGACGGGTGAGTAACGCGTGGGTAACCTACCTCATACAGGGGGATAACAGTTAGAAATGACTGCTAATACCGCATAAGCCTCCAATACCGCATGGTATAGAAGGAAAAGTTATTTCGGTATGAGATGGACCCGCGTCTGATTAGCTAGTTGGTAAGGTAACGGCTTACCAAGGCGACGATCAGTAGCCGGCTTGAGAGAGTGAACGGCCACATTGGAACTGAGACACGGTCCAAACTCCTACGGGAGGCAGCAGTGGGGAATATTGCACAATGGGGGAAACCCTGATGCAGCGACGCCGCGTGAGTGAAGAAGTATTTCGGTATGTAAAGCTCTATCAGCAGGGAAGAAAATGACGGTACCTGACTAAGAAGCCCCGGCTAACTACGTGC",NA,NA,NA,NA,NA,NA,NA,NA,0.0294117647058824,"k__Bacteria p__Firmicutes c__Clostridia o__Clostridiales f__Lachnospiraceae g__Coprococcus s__"
