sPLS-DA Dimension,Sequence,OverexpressedGroup,Loading,Occurrence in cross validation models,Taxonomy
1,GATGAACGCTGGCGGCGTGCCTAATACATGCAAGTCGAACGAAACTTCTTTATCACCGAGTGCTTGCACTCACCGATAAAGAGTTGAGTGGCGAACGGGTGAGTAACACGTGGGCAACCTGCCCAAAAGAGGGGGATAACACTTGGAAACAGGTGCTAATACCGCATAACCATAGTTACCGCATGGTAACTATGTAAAAGGTGGCTATGCTACCGCTTTTGGATGGGCCCGCGACGCATTAGCTAGTTGGTGGGGTAAAGGCTTACCAAGGCAATGATGCGTAGCCGAACTGAGAGGTTGATCGGCCACATTGGGACTGAGACACGGCCCAAACTCCTACGGGAGGCAGCAGTAGGGAATCTTCCACAATGGGCGAAAGCCTGATGGAGCAACGCCGCGTGGGTGAAGAAGGTCTTCGGATCGTAAAACCCTGTTGTTAGAGAAGAAAGTGCGTGAGAGTAACTGTTCACGTTTCGACGGTATCTAACCAGAAAGCCACGGCTAACTACGTGC,Sed,1,0.970588235,k__Bacteria p__Firmicutes c__Bacilli o__Lactobacillales f__Lactobacillaceae g__Lactobacillus s__
2,AACGAACGCTGGCGGCAGGCTTAACACATGCAAGTTGAACGTGATTATATCTGTGCTTGCACGGATATATGAAAGTAGCGCACGGGTGAGTAACACGTGGGAACGTACCTTAGAGTGGGGGATAACAGTTGGAAACGACTGCTAATACCGCATATGCCTTGAGGGGTAAAGATTTATCGCTTTAAGAACGGCCCGCGGAAGATTAGGTAGTTGGTGGGGTAAAGGCCTACCAAGCCTACGATCTATAGCTGGTCTGAGAGGACGATCAGCCACATTGGGACTGAGACACGGCCCAAACTCCTACGGGAGGCAGCAGTGAGGAATATTGGGCAATGGGGGCAACCCTGACCCAGCCATGCCGCGTGAGTGAAGAAGGTCTTCGGATTGTAAAGCTCTTTCGGACGTGACGATGATGACGGTAGCGTCTAAAGAAGCACCGGCAAACTTCGTGC,Ex,-1,0.911764706,k__Bacteria p__Proteobacteria c__Alphaproteobacteria o__RF32 f__ g__ s__
3,ATTGAACGCTGGCGGAACGCTTTACACATGCAAGTCGAACGGTAACAGCGAGGAAAGCTTGCTTTTTTCGGCTGACGAGTGGCGAACGGGTGAGTAATACATCGGAACGTGTCCGCTCGTGGGGGACAACCATCCGAAAGGATGGCTAATACCGCATGAGTTCTACGGAAGAAAGAGGGGGACCTGCTTGCAGGCCTCTCGCGAGCGGAGCGGCCGATGACTGATTAGCCGGTTGGTGAGGTAACGGCTCACCAAAGCAACGATCAGTAGCTGGTCTGAGAGGACGACCAGCCACACTGGGACTGAGACACGGCCCAGACTCCTACGGGAGGCAGCAGTGGGGAATTTTGGACAATGGGCGCAAGCCTGATCCAGCTATTCCGCGTGTGGGATGACGGCCCTCGGGTTGTAAACCACTTTAGTAGAGAACGAAAAGGAGCTATCGAATAAATAGCTCTGCTGACGGTACTCTAAGAATAAGCACCGGCTAACTACGTGC,Sed,0.811899094,0.970588235,k__Bacteria p__Proteobacteria c__Betaproteobacteria o__Burkholderiales f__Alcaligenaceae g__Sutterella s__
4,GATGAACGCTAGCTACAGGCTTAACACATGCAAGTCGCGGGGCAGCATGACATCAGCTTGCTGATGTTGATGGCGACCGGCGCACGGGTGAGTAACGCGTATCCAACCTGCCCTTTACTATGGGACAGCCCGTCGAAAGGCGGATTAATACCGTATGTTGTCATGTTGATGCATATTTTCATGACCAAAGGCTTCGGCCGGTAAAGGATGGGGATGCGTCTGATTAGCTTGCCGGCGGGGTAACGGCCCACCGGGGCGACGATCAGTAGGGGTTCTGAGAGGAAGGTCCCCCACATTGGAACTGAGACACGGTCCAAACTCCTACGGGAGGCAGCAGTGAGGAATATTGGTCAATGGGCGCGAGCCTGAACCAGCCAAGTAGCGTGCAGGACGACGGCCCTATGGGTTGTAAACTGCTTTTATACGGGGATAAAGTATGCCACGTGTGGTTTATTGCAGGTACCGTATGAATAAGGACCGGCTAATTCCGTGC,Sed,-0.224489218,0.970588235,k__Bacteria p__Bacteroidetes c__Bacteroidia o__Bacteroidales f__Prevotellaceae g__Prevotella s__
4,GATGAACGCTAGCTACAGGCTTAACACATGCAAGTCGCGGGGCAGCATGGATGTCCTTTCGGGGACATCTGATGGCGACCGGCGTACGGGTGAGTAACGCGTATCCAACCTGCCCTTTACTATGGGACAGCCCGTCGAAAGGCGGATTAATACCGTATGTTGTCATGTTGATGCATATTTTCATGACCAAAGGCTTCGGCCGGTAAAGGATGGGGATGCGTCTGATTAGCTTGCCGGCGGGGTAACGGCCCACCGGGGCGACGATCAGTAGGGGTTCTGAGAGGAAGGTCCCCCACATTGGAACTGAGACACGGTCCAAACTCCTACGGGAGGCAGCAGTGAGGAATATTGGTCAATGGGCGCGAGCCTGAACCAGCCAAGTAGCGTGCAGGACGACGGCCCTATGGGTTGTAAACTGCTTTTATACGGGGATAAAGTATGCCACGTGTGGTTTATTGCAGGTACCGTATGAATAAGGACCGGCTAATTCCGTGC,Sed,-0.173010202,0.970588235,k__Bacteria p__Bacteroidetes c__Bacteroidia o__Bacteroidales f__Prevotellaceae g__Prevotella s__
4,GATGAACGCTAGCGACAGGCTTAACACATGCAAGTCGAGGGGCAGCGGTGGTGAAGGCTTGCCTTCACCAGCCGGCGACCGGCGCACGGGTGAGTAACACGTATGCAACCTGCCTGCCACAGCCGGATAATCGGGAGAAATCCCGTCTAATACGGCATAATGCATCGACGGGACATCCTGTTGGTGCCAAAGGTTAATTCCGGTGGCGGATGGGCATGCGTCGCATTAGTTAGTTGGCGGTGTAACGGACCACCAAGACGACGATGCGTAGGGGTTCTGAGAGGAAGGTCCCCCACACTGGTACTGAGACACGGACCAGACTCCTACGGGAGGCAGCAGTGAGGAATATTGGTCAATGGGCGGGAGCCTGAACCAGCCAAGTCGCGTGAGGGATGACGGCCCTATGGGTTGTAAACCTCTTTTGCCGGGGAGCAAAGTGCCGCACGTGTGCGGTTTGGAGAGTACCCGGAGAAAAAGCATCGGCTAACTCCGTGC,Sed,-0.467929624,0.941176471,k__Bacteria p__Bacteroidetes c__Bacteroidia o__Bacteroidales f__S24-7 g__ s__
4,GATGAACGCTAGCGACAGGCTTAACACATGCAAGTCGAGGGGCAGCGGTGGTGAAGGCTTGCCTTTACCAGCCGGCGACCGGCGCACGGGTGAGTAACACGTATGCAACCTGCCTGCCACAGCCGGATAATCGGGAGAAATCCCGTCTAATACGGCATAATGCACCTATGGGACATCCTGTTGGTGCCAAAGGTTAATTCCGGTGGCGGATGGGCATGCGTCGCATTAGTTAGTTGGCGGTGTAACGGACCACCAAGACGACGATGCGTAGGGGTTCTGAGAGGAAGGTCCCCCACACTGGTACTGAGACACGGACCAGACTCCTACGGGAGGCAGCAGTGAGGAATATTGGTCAATGGGCGGGAGCCTGAACCAGCCAAGTCGCGTGAGGGATGACGGCCCTATGGGTTGTAAACCTCTTTTGCCGGGGAGCAAAGTGCCGCACGTGTGCGGTTTGGAGAGTACCCGGAGAAAAAGCATCGGCTAACTCCGTGC,Sed,-0.463225779,0.941176471,k__Bacteria p__Bacteroidetes c__Bacteroidia o__Bacteroidales f__S24-7 g__ s__
4,GATGAACGCTAGCGACAGGCTTAACACATGCAAGTCGAGGGGCAGCGGGGATGAAGCTTGCTTCATCCGCCGGCGACCGGCGCACGGGTGAGTAACACGTATGCAACCTGCCCCTGGCTGGGGGATAAGCCGGAGAAATCCGGTCTAATACCGCGTAACATCCTTGCGGGACATCCCGTTAGGATCAAAGGAAGCGATTCCGGCCAGGGATGGGCATGCGGCGCATTAGCTAGTCGGCGGGGTAACGGCCCACCGAGGCGACGATGCGTAGGGGTTCTGAGAGGAAGGTCCCCCACACTGGTACTGAGACACGGACCAGACTCCTACGGGAGGCAGCAGTGAGGAATATTGGTCAATGGGCGCGAGCCTGAACCAGCCAAGTCGCGTGAGGGAAGACGGTCCTATGGATTGTAAACCTCTTTTGCCGGGGAGCAAGCTGTGCCACGTGTGGCGCAGCTGAGAGTACCCGGAGAAAAAGCATCGGCTAACTCCGTGC,Sed,-0.313221028,0.941176471,k__Bacteria p__Bacteroidetes c__Bacteroidia o__Bacteroidales f__S24-7 g__ s__
4,GATGAACGCTAGCGACAGGCTTAACACATGCAAGTCGAGGGGCAGCGGGGATGAAGCTTGCTTCATCCGCCGGCGACCGGCGCACGGGTGAGTAACACGTATGCAACCTGCCCCTGGCTGGGGGATAAGCCGGAGAAATCCGGTCTAATACCGCGTAACATCCTTGCGGGACATCCCGTTAGGATCAAAGGAAGCGATTCCGGCCAGGGATGGGCATGCGGCGCATTAGCTAGTCGGCGGGGTAACGGCCCACCGAGGCGACGATGCGTAGGGGTTCTGAGAGGAAGGTCCCCCACACTGGTACTGAGACACGGACCAGACTCCTACGGGAGGCAGCAGTGAGGAATATTGGTCAATGGGCGCGAGCCTGAACCAGCCAAGTCGCGTGAGGGAAGACGGTCCTATGGATTGTAAACCTCTTTTGCCGGGGAGCAAGCTGGGTCACGTGTGACCCAGCTGAGAGTACCCGGAGAAAAAGCATCGGCTAACTCCGTGC,Ex,-0.124723813,0.941176471,k__Bacteria p__Bacteroidetes c__Bacteroidia o__Bacteroidales f__S24-7 g__ s__
4,GATGAACGCTAGCGACAGGCTTAACACATGCAAGTCGAGGGGCAGCACGATGTAGCAATACATTGGTGGCGACCGGCGCACGGGTGAGTAACGCGTATGCAACCTACCTATCAGAGGGGAATAACCCGGCGAAAGTCGGACTAATACCGCATAAAACAGGGGTTCCACATGGAAATATTTGTTAAAGAATTATCGCTGATAGATGGGCATGCGTTCCATTAGATAGTTGGTGAGGTAACGGCTCACCAAGTCCACGATGGATAGGGGTTCTGAGAGGAAGGTCCCCCACACTGGTACTGAGACACGGACCAGACTCCTACGGGAGGCAGCAGTGAGGAATATTGGTCAATGGGCGAGAGCCTGAACCAGCCAAGTCGCGTGAAGGATGAAGGATCTATGGTTTGTAAACTTCTTTTATATGGGAATAAAGTGAGGAACGTGTTCCTTTTTGTATGTACCATATGAATAAGCATCGGCTAACTCCGTGC,Ex,0.323345758,0.911764706,k__Bacteria p__Bacteroidetes c__Bacteroidia o__Bacteroidales f__Porphyromonadaceae g__Parabacteroides s__
4,GATGAACGCTAGCGACAGGCTTAACACATGCAAGTCGAGGGGCAGCGGGGGCGAAGCTTGCTTCGCCTGCCGGCGACCGGCGCACGGGTGAGTAACACGTATGCAACCTACCCCCTGCAGGGGAATAACCCGGAGAAATCCGGACTAATACCACACGGCACTTTCGGGAGGCATCTCCTGAGGGTTAAAGGAGCGATCCGGCCGGGGATGGGCATGCGGCGCATTAGCTAGTCGGCGGGGTAACGGCCCACCGAGGCAACGATGCGTAGGGGTTCTGAGAGGAAGGTCCCCCACACTGGTACTGAGACACGGACCAGACTCCTACGGGAGGCAGCAGTGAGGAATATTGGTCAATGGGCGGGAGCCTGAACCAGCCAAGTCGCGTGAGGGACGACGGTCCTATGGATTGTAAACCTCTTTTGTCGGGGAACAAAGGCGTCCACGAGTGGGCGGATGAGTGTACCCGAAGAAAAAGCATCGGCTAACTCCGTGC,Ex,0.195694859,0.911764706,k__Bacteria p__Bacteroidetes c__Bacteroidia o__Bacteroidales f__S24-7 g__ s__
4,GATGAACGCTAGCGACAGGCTTAACACATGCAAGTCGAGGGGCAGCGGGGATGAAGCTTGCTTCATCCGCCGGCGACCGGCGCACGGGTGAGTAACACGTATGCAACCTGCCCCTGTCAGGGGGACAACCCACCGAAAGGTGGGCTAAACCCGCGTACATCCGGAGGGGGCATCCCCTTGGGAGGAAAGGAGCGATCCGGACAGGGATGGGCATGCGGCGCATTAGCTAGACGGCGGGGTAACGGCCCACCGTGGCGACGATGCGTAGGGGTTCTGAGAGGAAGGCCCCCCACACTGGTACTGAGACACGGACCAGACTCCTACGGGAGGCAGCAGTGAGGAATATTGGTCAATGGTCGGGAGACTGAACCAGCCAAGCCGCGTGAGGGAAGAAGGTACAGCGTATCGTAAACCTCTTTTGCCGGGGAACAAGAGCTTCCACGAGTGGGAGTGTGAGCGTACCCGGAGAAAAAGCATCGGCTAACTCCGTGC,Sed,-0.155240466,0.911764706,k__Bacteria p__Bacteroidetes c__Bacteroidia o__Bacteroidales f__S24-7 g__ s__
4,GATGAACGCTAGCGACAGGCTTAACACATGCAAGTCGAGGGGCAGCGGGGGCGAAGCTTGCTTCGCCTGCCGGCGACCGGCGCACGGGTGAGTAACACGTATGCAACCTACCCCCTGCAGGGGAATAACCCGGAGAAATCCGGACTAATACCACACGGCACTTTCGGGAGGCATCTCCTGAGGGTTAAAGGAGCGATCCGGCCGGGGATGGGCATGCGGCGCATTAGCTAGTCGGCGGGGTAACGGCCCACCGAGGCGACGATGCGTAGGGGTTCTGAGAGGAAGGTCCCCCACACTGGTACTGAGACACGGACCAGACTCCTACGGGAGGCAGCAGTGAGGAATATTGGTCAATGGGCGGGAGCCTGAACCAGCCAAGTCGCGTGAGGGACGACGGTCCTATGGATTGTAAACCTCTTTTGTCGGGGAACAAAGGTGCCCACGGGTGGGCGGATGAGTGTACCCGAAGAAAAAGCATCGGCTAACTCCGTGC,Ex,0.141195023,0.911764706,k__Bacteria p__Bacteroidetes c__Bacteroidia o__Bacteroidales f__S24-7 g__ s__
4,GATGAACGCTAGCTACAGGCTTAACACATGCAAGTCGCGGGGCAGCATGGATGTCCTTTCGGGGACATCTGATGGCGACCGGCGCACGGGTGAGTAACGCGTATCCAACCTGCCCTTTACTATGGGACAGCCCGTCGAAAGGCGGATTAATACCGTATGTTGTCATGTTGATGCATATTTTCATGACCAAAGGCTTCGGCCGGTAAAGGATGGGGATGCGTCTGATTAGCTTGCCGGCGGGGTAACGGCCCACCGGGGCGACGATCAGTAGGGGTTCTGAGAGGAAGGTCCCCCACATTGGAACTGAGACACGGTCCAAACTCCTACGGGAGGCAGCAGTGAGGAATATTGGTCAATGGGCGCGAGCCTGAACCAGCCAAGTAGCGTGCAGGACGACGGCCCTATGGGTTGTAAACTGCTTTTATACGGGGATAAAGTATGCCACGTGTGGTTTATTGCAGGTACCGTATGAATAAGGACCGGCTAATTCCGTGC,Sed,-0.116748474,0.911764706,k__Bacteria p__Bacteroidetes c__Bacteroidia o__Bacteroidales f__Prevotellaceae g__Prevotella s__
4,GATGAACGCTAGCGACAGGCTTAACACATGCAAGTCGAGGGGCAGCGGGGGCGAAGCTTGCTTCGCCTGCCGGCGACCGGCGCACGGGTGAGTAACACGTATGCAACCTACCCCCTGCAGGGGAATAACCCGGAGAAATCCGGACTAATACCACACGGCACTTTCGGGAGGCATCTCCTGAGGGTTAAAGGAGCGATCCGGCCGGGGATGGGCATGCGGCGCATTAGCTAGTCGGCGGGGTAACGGCCCACCGAGGCGACGATGCGTAGGGGTTCTGAGAGGAAGGTCCCCCACACTGGTACTGAGACACGGACCAGACTCCTACGGGAGGCAGCAGTGAGGAATATTGGTCAATGGGCGGGAGCCTGAACCAGCCAAGTCGCGTGAGGGACGACGGTCCTATGGATTGTAAACCTCTTTTGTCGGGGAACAAAGGCGCCCACGGGTGGGCGGATGAGTGTACCCGAAGAAAAAGCATCGGCTAACTCCGTGC,Ex,0.102396371,0.911764706,k__Bacteria p__Bacteroidetes c__Bacteroidia o__Bacteroidales f__S24-7 g__ s__
4,GATGAACGCTGGCGGCGTGCTTAACACATGCAAGTCGAACGAAGCGATCGGGAGGAAGTTTTCGGATGGAATCCGGATTGACTGAGTGGCGGACGGGTGAGTAACGCGTGGGTAACCTGCCTCATACAGGGGGATAACAGTTAGAAATGACTGCTAATACCGCATAAGCGCACAGGGACACATGTTCCGGTGTGAAAAACTCCGGTGGTATGAGATGGACCCGCGTCTGATTAGCTGGTTGGCGGGGTAACGGCCCACCAAGGCGACGATCAGTAGCCGACCTGAGAGGGTGACCGGCCACATTGGGACTGAGACACGGCCCAAACTCCTACGGGAGGCAGCAGTGGGGAATATTGCACAATGGGGGAAACCCTGATGCAGCAACGCCGCGTGAGTGAAGAAGTATTTCGGTATGTAAAGCTCTATCAGCAGGGAAGAAGATGACGGTACCTGAGTAAGAAGCCCCGGCTAACTACGTGC,Sed,-0.08261526,0.911764706,k__Bacteria p__Firmicutes c__Clostridia o__Clostridiales f__Lachnospiraceae g__ s__
4,GATGAACGCTAGCGACAGGCCTAACACATGCAAGTCGAGGGGCAGCGGGGGAGTTAGCTTGCTAATTCCTGCCGGCGACCGGCGCACGGGTGAGTAACGCGTATGCGACCTGCCCGTCACAGGGGGATAATCCGGAGAAATCCGGTCTAATACCGCATAATATCGAGAGTCTGCATGGATTTTCGATTAAAGGAGCGATCCGGTGACGGATGGGCATGCGTGACATTAGCTAGTCGGCGGGGTAACGGCCCACCGAGGCGACGATGTCTAGGGGTTCTGAGAGGAAGGTCCCCCACACTGGTACTGAGACACGGACCAGACTCCTACGGGAGGCAGCAGTGAGGAATATTGGTCAATGGGCTTACGCCTGAACCAGCCAAGTCGCGTGAGGGAAGACTGCCCTATGGGTTGTAAACCTCTTTTGTCAGGGAGCAACAACATCTACGAGTAGGTGTTACGAGAGTACCTGAAGAAAAAGCATCGGCTAACTCCGTGC,Ex,0.069347819,0.911764706,k__Bacteria p__Bacteroidetes c__Bacteroidia o__Bacteroidales f__S24-7 g__ s__
5,No ASV present in >90% of models constructed under cross validation,,,,
6,No ASV present in >90% of models constructed under cross validation,,,,
7,No ASV present in >90% of models constructed under cross validation,,,,
8,No ASV present in >90% of models constructed under cross validation,,,,