"","HF_Ex","HF_Sed","NC_Ex","NC_Sed","Contrib.HF_Ex","Contrib.HF_Sed","Contrib.NC_Ex","Contrib.NC_Sed","Contrib","GroupContrib","color","loading","Freq","human_readable"
"GATGAACGCTGGCGGCATGCCTAATACATGCAAGTCGAACGGATATCTTCGGATATCAGTGGCGAACGGGTGAGTAACACGTAGAGAACCTGCCCGAACCCGGGGGATACGCTTTGGAAACGAAGTCTAAAACCCCATAGGAAAGAAAGCGGCATCGCTTTCTTTTGAAAAAGGCTTTTGCCTTGGGGACGGATGGATCTGCGGTGCATTAGTTAGTTGGCAGTATAAGAGACTACCAAGACGATGATGCATAGCCGGCCTGAGAGGGCGAACGGCCACACTGGGACTGAGACACGGCCCAGACTCCTGCGGGAGGCAGCAGTAGGGAATTTTCGTCAATGGGCGCAAGCCTGAACGAGCAATGCCGCGTGAGTGAGGAAGGTCTTCGGATCGTAAAGCTCTGTTGCGGGGGAAAAAGGACAGGAAGAGGGAATGCTTTCTGTTTGATGGTACCCCGCCAGAAAGTCACGGCTAACTACGTGC",-0.855591381531056,-1.01138709580439,0.451821425992685,1.20084804757558,FALSE,FALSE,FALSE,TRUE,FALSE,"NC_Sed","#009E73",0.481784762052378,1,"k__Bacteria p__Firmicutes c__Erysipelotrichi o__Erysipelotrichales f__Erysipelotrichaceae g__Allobaculum s__"
"GATGAACGCTGGCGGCATGCCTAATACATGCAAGTCGAACGGATATCTTCGGATATCAGTGGCGAACGAGTGAGTAACACGTAGAGAACCTGCCCGAACCCGGGGGATACGCTTTGGAAACGAAGTCTAAAACCCCATAGGAAAGAAAGCGGCATCGCTTTCTTTTGAAAAAGGCTCTGGCCTTGGGGACGGATGGATCTGCGGTGCATTAGTTAGTTGGCAGTATAAGAGACTACCAAGACGATGATGCATAGCCGGCCTGAGAGGGCGAACGGCCACACTGGGACTGAGACACGGCCCAGACTCCTGCGGGAGGCAGCAGTAGGGAATTTTCGTCAATGGGCGCAAGCCTGAACGAGCAATGCCGCGTGAGTGAGGAAGGTCTTCGGATCGTAAAGCTCTGTTGCGGGGGAAAAAGGACAGGAAGAGGGAATGCTTTCTGTTTGATGGTACCCCGCCAGAAAGTCACGGCTAACTACGTGC",-0.748993068138797,-0.71171614336499,0.327821583402114,1.29361960090372,FALSE,FALSE,FALSE,TRUE,FALSE,"NC_Sed","#009E73",0.481201582516904,1,"k__Bacteria p__Firmicutes c__Erysipelotrichi o__Erysipelotrichales f__Erysipelotrichaceae g__Allobaculum s__"
"GATGAACGCTGGCGGCATGCCTAATACATGCAAGTCGAACGGATATCTTCGGATATCAGTGGCGAACGGGTGAGTAACACGTAGAGAACCTGCCCGAACCCGGGGGATACGCTTTGGAAACGAAGTCTAAAACCCCATAGGAAAGAAAGCGGCATCGCTTTCTTTTGAAAAAGGCTCTGGCCTTGGGGACGGATGGATCTGCGGTGCATTAGTTAGTTGGCAGTATAAGAGACTACCAAGACGATGATGCATAGCCGGCCTGAGAGGGCGAACGGCCACACTGGGACTGAGACACGGCCCAGACTCCTGCGGGAGGCAGCAGTAGGGAATTTTCGTCAATGGGCGCAAGCCTGAACGAGCAATGCCGCGTGAGTGAGGAAGGTCTTCGGATCGTAAAGCTCTGTTGCGGGGGAAAAAGGACAGGAAGAGGGAATGCTTTCTGTTTGATGGTACCCCGCCAGAAAGTCACGGCTAACTACGTGC",-0.844527474625096,-1.01460570908159,0.372921658964142,1.16023241110808,FALSE,FALSE,FALSE,TRUE,FALSE,"NC_Sed","#009E73",0.440947432172869,1,"k__Bacteria p__Firmicutes c__Erysipelotrichi o__Erysipelotrichales f__Erysipelotrichaceae g__Allobaculum s__"
"GATGAACGCTAGCGACAGGCCTAACACATGCAAGTCGAGGGGCAGCGGGGGAGTTAGCTTGCTAATTCCTGCCGGCGACCGGCGCACGGGTGAGTAACGCGTATGCGACCTTCCCGTCACAGGGGGATAATCCGGAGAAATCCGGTCTAATACCGCATGATATCGAGAGTCTGCATGGATTTTCGATTAAAGGAGCGATCCGGTGACGGATGGGCATGCGTGACATTAGCTAGTCGGCGGGGTAACGGCCCACCGAGGCGACGATGTCTAGGGGTTCTGAGAGGAAGGTCCCCCACACTGGTACTGAGACACGGACCAGACTCCTACGGGAGGCAGCAGTGAGGAATATTGGTCAATGGGCTTACGCCTGAACCAGCCAAGTCGCGTGAGGGAAGACTGCCCTATGGGTTGTAAACCTCTTTTGTCAGGGAGCAACAACATCTACGAGTAGGTGTTACGAGAGTACCTGAAGAAAAAGCATCGGCTAACTCCGTGC",-0.864341363606829,-0.957928641650254,1.08400905183181,0.728083152780416,FALSE,FALSE,TRUE,FALSE,FALSE,"NC_Ex","#C2C2C2",0.321773674035366,1,"k__Bacteria p__Bacteroidetes c__Bacteroidia o__Bacteroidales f__S24-7 g__ s__"
"GATGAACGCTGGCGGCATGCCTAATACATGCAAGTCGAACGGAACTTACTTGTTAAGTTCAGTGGCGAACGGGTGAGTAACACGTAGATAACCTGCCCATACCCGGGGGATACGCTTTGGAAACGAAGTCTAAAACCCCATCCGAAAGAACAAGGCATCTTGTCCTTTTTAAACAGGCCATCAAGCCTGGGGGATGAATGGATCTGCGGTGCATTAGTTAGTTGGTAAGGCAATGGCTTACCAAGGCGATGATGCATAGCCGGCCTGAGAGGGCGATCGGCCACACTGGGACTGAGACACGGCCCAGACTCCTGCGGGAGGCAGCAGTAGGGAATTTTCGTCAATGGGCGCAAGCCTGAACGAGCAATGCCGCGTGAGTGAGGAAGGTCTTCGGATCGTAAAGCTCTGTTGCAGGTCAAAAAGGAAGGCAAGAGGAAATGCTTGTCTTTTGATGGTAGCCTGCCAGAAAGTCACGGCTAACTACGTGC",-0.568904335934694,-1.14387609190596,0.798617356048353,1.07386318683392,FALSE,FALSE,FALSE,TRUE,FALSE,"NC_Sed","#009E73",0.276688348824037,1,"k__Bacteria p__Firmicutes c__Erysipelotrichi o__Erysipelotrichales f__Erysipelotrichaceae g__Allobaculum s__"
"GACGAACGCTGGCGGCGTGCTTCATACATGCAAGTCGAACGAGAAGTCTACTTCGGTAGATGGAAAGTGGCGGACGGGTGAGTAAAATGTAGGGAATCTGCCTTTAGGTGGGGGACAACAGTTGGAAACGATTGCTAATACCCCATATGAGCTTAGTTGAGATACTAATCTTGAAAACTCCGGTGCCTAGAGATGAGCCTGCATCTGATTAGCTAGTTGGGGGTGTAATGGACCACCAAGGCGACGATCAGTAGCTGGTTTGAGAGGATGATCAGCCACAATGGGACTGAGACACGGCCCATACTCCTACGGGAGGCAGCAGTAGGGAATTTTGCGCAATGGGGGAAACCCTGACGCAGCAACGCCGCGTGAATGATAAAGCCCTTCGGGGTGTAAAGTTCTGTCAATGGGGACGAAACTTGACGGTACCCATAGAGGAAGCACCGGCTAACTCCGTGC",0.519221488647833,0.731663897100749,-1.22455220967306,-1.08272933788719,FALSE,TRUE,FALSE,FALSE,FALSE,"HF_Sed","#F68B33",-0.246510978468609,1,"k__Bacteria p__Cyanobacteria c__4C0d-2 o__YS2 f__ g__ s__"
"GATGAACGCTGGCGGCATGCCTAATACATGCAAGTCGAACGGAACTTACTTGTTAAGTTCAGTGGCGAACGGGTGAGTAACACGTAGATAACCTGCCCATACCCGGGGGATACGCTTTGGAAACGAAGTCTAAAACCCCATCCGAAAGAACAAGGCATCTTGTCCTTTTTAAACAGGCCATCAAGCCTGGGGGATGAATGGATCTGCGGTGCATTAGCTGGTTGGTAAGGCAACGGCTTACCAAGGCGATGATGCATAGCCGGCCTGAGAGGGCGATCGGCCACACTGGGACTGAGACACGGCCCAGACTCCTGCGGGAGGCAGCAGTAGGGAATTTTCGTCAATGGGCGCAAGCCTGAACGAGCAATGCCGCGTGAGTGAGGAAGGTCTTCGGATCGTAAAGCTCTGTTGCAGGTCAAAAAGGAAGGCAAGAGGAAATGCTTGTCTTTTGATGGTAGCCTGCTAGAAAGTCACGGCTAACTACGTGC",-0.828469504406329,-0.834904938853802,0.90929404513339,1.10337785598295,FALSE,FALSE,FALSE,TRUE,FALSE,"NC_Sed","#009E73",0.0624446778913178,1,"k__Bacteria p__Firmicutes c__Erysipelotrichi o__Erysipelotrichales f__Erysipelotrichaceae g__Allobaculum s__"
"GATGAACGCTGGCGGCATGCCTAATACATGCAAGTCGAACGGAACTTACTTGTTAAGTTCAGTGGCGAACGGGTGAGTAACACGTAGATAACCTGCCCATACCCGGGGGATACGCTTTGGAAACGAAGTCTAAAACCCCATCCGAAAGAACAAGGCATCTTGTCCTTTTTAAACAGGCCATCAAGCCTGGGGGATGAATGGATCTGCGGTGCATTAGTTAGTTGGTAAGGCAACGGCTTACCAAGGCGATGATGCATAGCCGGCCTGAGAGGGCGATCGGCCACACTGGGACTGAGACACGGCCCAGACTCCTGCGGGAGGCAGCAGTAGGGAATTTTCGTCAATGGGCGCAAGCCTGAACGAGCAATGCCGCGTGAGTGAGGAAGGTCTTCGGATCGTAAAGCTCTGTTGCAGGTCAAAAAGGAAGGTAAGAGGAAATGCTTGTCTTTTGATGGTAGCCTGCCAGAAAGTCACGGCTAACTACGTGC",-0.82825954392019,-0.834681251893617,0.912059397667839,1.10955630464956,FALSE,FALSE,FALSE,TRUE,FALSE,"NC_Sed","#009E73",0.054432907864914,1,"k__Bacteria p__Firmicutes c__Erysipelotrichi o__Erysipelotrichales f__Erysipelotrichaceae g__Allobaculum s__"
"GATGAACGCTAGCGACAGGCTTAACACATGCAAGTCGAGGGGCAGCGGGGGCGAAGCTTGCTTCGCCTGCCGGCGACCGGCGCACGGGTGAGTAACACGTATGCAACCTACCCCCTGCAGGGGAATAACCCGGAGAAATCCGGACTAATACCACACGGCACTTTCGGGAGGCATCTCCTGAGGGTTAAAGGAGCGATCCGGCCGGGGATGGGCATGCGGCGCATTAGCTAGTCGGCGGGGTAACGGCCCACCGAGGCGACGATGCGTAGGGGTTCTGAGAGGAAGGTCCCCCACACTGGTACTGAGACACGGACCAGACTCCTACGGGAGGCAGCAGTGAGGAATATTGGTCAATGGGCGGGAGCCTGAACCAGCCAAGTCGCGTGAGGGACGACGGTCCTATGGATTGTAAACCTCTTTTGTCGGGGAACAAAGGCGCCCACGGGTGGGCGGATGAGTGTACCCGAAGAAAAAGCATCGGCTAACTCCGTGC",0.697932478468291,0.790800529300583,0.152730436160448,-1.28341916630942,FALSE,TRUE,FALSE,FALSE,FALSE,"HF_Sed","#F68B33",-0.280631586426572,0.970588235294118,"k__Bacteria p__Bacteroidetes c__Bacteroidia o__Bacteroidales f__S24-7 g__ s__"
"GATGAACGCTAGCGACAGGCCTAACACATGCAAGTCGAGGGGCAGCGGGGGAGTTAGCTTGCTAATTCCTGCCGGCGACCGGCGCACGGGTGAGTAACGCGTATGCGACCTGCCCGTCACAGGGGGATAATCCGGAGAAATCCGGTCTAATACCGCATAATATCGAGAGTCTGCATGGATTTTCGATTAAAGGAGCGATCCGGTGACGGATGGGCATGCGTGACATTAGCTAGTCGGCGGGGTAACGGCCCACCGAGGCGACGATGTCTAGGGGTTCTGAGAGGAAGGTCCCCCACACTGGTACTGAGACACGGACCAGACTCCTACGGGAGGCAGCAGTGAGGAATATTGGTCAATGGGCTTACGCCTGAACCAGCCAAGTCGCGTGAGGGAAGACTGCCCTATGGGTTGTAAACCTCTTTTGTCAGGGAGCAACAACATCTACGAGTAGGTGTTACGAGAGTACCTGAAGAAAAAGCATCGGCTAACTCCGTGC",-0.73929409809144,-0.857927872236183,1.05606883877635,0.888922368633883,FALSE,FALSE,TRUE,FALSE,FALSE,"NC_Ex","#C2C2C2",0.105025693458569,0.941176470588235,"k__Bacteria p__Bacteroidetes c__Bacteroidia o__Bacteroidales f__S24-7 g__ s__"
"GATGAACGCTGGCGGCATGCCTAATACATGCAAGTCGAACGGAACTTACTTGTTAAGTTCAGTGGCGAACGGGTGAGTAACACGTAGATAACCTGCCCATACCCGGGGGATACGCTTTGGAAACGAAGTCTAAAACCCCATCCGAAAGAACAAGGCATCTTGTCCTTTTTAAACAGGCCATCAAGCCTGGGGGATGAATGGATCTGCGGTGCATTAGTTAGTTGGTAAGGCAGCGGCTTACCAAGGCGATGATGCATAGCCGGCCTGAGAGGGCGATCGGCCACACTGGGACTGAGACACGGCCCAGACTCCTGCGGGAGGCAGCAGTAGGGAATTTTCGTCAATGGGCGCAAGCCTGAACGAGCAATGCCGCGTGAGTGAGGAAGGTCTTCGGATCGTAAAGCTCTGTTGCAGGTCAAAAAGGAAGGCGAGAGGAAATGCTTGTCTTTTGATGGTAGCCTGCCAGAAAGTCACGGCTAACTACGTGC",-0.828721587591976,-0.835102773353736,0.92313560560806,1.0536173841775,FALSE,FALSE,FALSE,TRUE,FALSE,"NC_Sed","#009E73",0.0314215467768019,0.941176470588235,"k__Bacteria p__Firmicutes c__Erysipelotrichi o__Erysipelotrichales f__Erysipelotrichaceae g__Allobaculum s__"
"GATGAACGCTGGCGGCATGCCTAATACATGCAAGTCGAACGGAACTTACTTGTTAAGTTCAGTGGCGAACGGGTGAGTAACACGTAGATAACCTGCCCATACCCGGGGGATACGCTTTGGAAACGAAGTCTAAAACCCCATCCGAAAGAACAAGGCATCTTGTCCTTTTTAAACAGGCCACTAAGCCTGGGGGATGAATGGATCTGCGGTGCATTAGTTAGTTGGTAAGGCAACGGCTTACCAAGGCGATGATGCATAGCCGGCCTGAGAGGGCGATCGGCCACACTGGGACTGAGACACGGCCCAGACTCCTGCGGGAGGCAGCAGTAGGGAATTTTCGTCAATGGGCGCAAGCCTGAACGAGCAATGCCGCGTGAGTGAGGAAGGTCTTCGGATCGTAAAGCTCTGTTGCAGGTCAAAAAGGAAGGCAAGAGGAAATGCTTGTCTTTTGATGGTAGCCTGCCAGAAAGTCACGGCTAACTACGTGC",-0.809997766024643,-0.896985208614655,0.904670876143848,1.11816714740862,FALSE,FALSE,FALSE,TRUE,FALSE,"NC_Sed","#009E73",0.0293516065585696,0.882352941176471,"k__Bacteria p__Firmicutes c__Erysipelotrichi o__Erysipelotrichales f__Erysipelotrichaceae g__Allobaculum s__"
"GATGAACGCTGGCGGCATGCCTAATACATGCAAGTCGAACGGAACTTACTTGTTAAGTTCAGTGGCGAACGGGTGAGTAACACGTAGATAACCTGCCCATACCCGGGGGATACGCTTTGGAAACGAAGTCTAAAACCCCATCCGAAAGAACAAGGCATCTTGTCCTTTTTAAACAGGCCACCAAGCCTGGGGGATGAATGGATCTGCGGTGCATTAGCTGGTTGGTAAGGCAACGGCTTACCAAGGCGATGATGCATAGCCGGCCTGAGAGGGCGATCGGCCACACTGGGACTGAGACACGGCCCAGACTCCTGCGGGAGGCAGCAGTAGGGAATTTTCGTCAATGGGCGCAAGCCTGAACGAGCAATGCCGCGTGAGTGAGGAAGGTCTTCGGATCGTAAAGCTCTGTTGCAGGTCAAAAAGGAAGGCAAGAGGAAATGCTTGTCTTTTGATGGTAGCCTGCCAGAAAGTCACGGCTAACTACGTGC",-0.809746608209565,-0.896204514272291,0.916028739534786,1.13384520941205,FALSE,FALSE,FALSE,TRUE,FALSE,"NC_Sed","#009E73",0.0292061710527357,0.882352941176471,"k__Bacteria p__Firmicutes c__Erysipelotrichi o__Erysipelotrichales f__Erysipelotrichaceae g__Allobaculum s__"
"GATGAACGCTAGCGACAGGCCTAACACATGCAAGTCGAGGGGCATCGGGAGAGTTAGCTTGCTAATTCTTGCCGGCGACCGGCGCACGGGTGAGTAACGCGTATGCGACCTGCCCGTCACAGGGGGATAATCCGGAGAAATCCGGTCTAATACCGCATAATATCGAGAGGTTGCATGACCTTTTGATTAAAGGAGCGATCCGGTGACGGATGGGCATGCGTGACATTAGCTAGTCGGCGGGGTAACGGCCCACCGAGGCGACGATGTCTAGGGGTTCTGAGAGGAAGGTCCCCCACACTGGTACTGAGACACGGACCAGACTCCTACGGGAGGCAGCAGTGAGGAATATTGGTCAATGGGCGAATGCCTGAACCAGCCAAGTCGCGTGAGGGAAGACTGCCCTATGGGTTGTAAACCTCTTTTGTCAGGGAGCAACAACATCTACGTGTAGGTGTTACGAGAGTACCTGAAGAAAAAGCATCGGCTAACTCCGTGC",-0.716766342739904,-0.744994990993274,0.998396148785768,0.936041263863648,FALSE,FALSE,TRUE,FALSE,FALSE,"NC_Ex","#C2C2C2",0.0389883933201966,0.764705882352941,"k__Bacteria p__Bacteroidetes c__Bacteroidia o__Bacteroidales f__S24-7 g__ s__"
"GATGAACGCTAGCGACAGGCTTAACACATGCAAGTCGAGGGGCAGCGGGGAGGTAGCAATACTTCCGCCGGCGACCGGCGCACGGGTGAGTAACACGTATGGAACCTGCCCGTAGCAGGGGGATAAGCGGAAGAAATTCCGTCTAATACCGCGTAATAACTCCGAGGGGCATCCCTTGGGGTTTAAAGGGTAACACCGGCTACGGATGGCCATGCGGCGCATTAGCTAGTTGGCGGGGTAACGGCCCACCAAGGCGACGATGCGTAGGGGTTCTGAGAGGAAGGTCCCCCACACTGGTACTGAGACACGGACCAGACTCCTACGGGAGGCAGCAGTGAGGAATATTGGTCAATGGGCGCGAGCCTGAACCAGCCAAGTCGCGTGAGGGAAGACGGTCCTATGGATTGTAAACCTCTTTTGTCGGGGAGCAAAAGACGCCACGCGTGGCGTTCCGAGAGTACCCGAAGAAAAAGCATCGGCTAACTCCGTGC",0.353192089639179,0.833814958273879,-0.359838529626447,-0.777754483129385,FALSE,TRUE,FALSE,FALSE,FALSE,"HF_Sed","#F68B33",-0.0127574065459166,0.647058823529412,"k__Bacteria p__Bacteroidetes c__Bacteroidia o__Bacteroidales f__S24-7 g__ s__"
"GATGAACGCTAGCGACAGGCTTAACACATGCAAGTCGAGGGGCAGCGGGGAAGTAGCAATACTTCCGCCGGCGACCGGCGCACGGGTGAGTAACACGTATGGAACCTGCCCGTAGCAGGGGGATAAGCGGAAGAAATTCCGTCTAATACCGCGTAATAACTCCGAGAGGCATCTCTTGGGGTTTAAAGGGTAACACCGGCTACGGATGGCCATGCGGCGCATTAGCTAGTTGGCGGGGTAACGGCCCACCAAGGCGACGATGCGTAGGGGTTCTGAGAGGAAGGTCCCCCACACTGGTACTGAGACACGGACCAGACTCCTACGGGAGGCAGCAGTGAGGAATATTGGTCAATGGGCGCGAGCCTGAACCAGCCAAGTCGCGTGAGGGAAGACGGTCCTATGGATTGTAAACCTCTTTTGTCGGGGAGCAAAAGACGCCACGCGTGGCGTTCCGAGAGTACCCGAAGAAAAAGCATCGGCTAACTCCGTGC",NA,NA,NA,NA,NA,NA,NA,NA,NA,NA,NA,NA,0.235294117647059,"k__Bacteria p__Bacteroidetes c__Bacteroidia o__Bacteroidales f__S24-7 g__ s__"
"GATGAACGCTGGCGGCATGCCTAATACATGCAAGTCGAACGGAACTTACTTGTTAAGTTCAGTGGCGAACGGGTGAGTAACACGTAGATAACCTGCCCATACCCGGGGGATACGCTTTGGAAACGAAGTCTAAAACCCCATCCGAAAGAACAAGTCATCTTGTCCTTTTTAAACAGGCTTTCAAGCCTGGGGGATGAATGGATCTGCGGTGCATTAGTTAGTTGGTAAGGCAATGGCTTACCAAGGCGATGATGCATAGCCGGCCTGAGAGGGCGATCGGCCACACTGGGACTGAGACACGGCCCAGACTCCTGCGGGAGGCAGCAGTAGGGAATTTTCGTCAATGGGCGCAAGCCTGAACGAGCAATGCCGCGTGAGTGAGGAAGGTCTTCGGATCGTAAAGCTCTGTTGCAGGTCAAAAAGGAAGGCAAGAGGAAATGCTTGTCTTTTGATGGTAGCCTGCCAGAAAGTCACGGCTAACTACGTGC",NA,NA,NA,NA,NA,NA,NA,NA,NA,NA,NA,NA,0.205882352941176,"k__Bacteria p__Firmicutes c__Erysipelotrichi o__Erysipelotrichales f__Erysipelotrichaceae g__Allobaculum s__"
"GATGAACGCTGGCGGCATGCCTAATACATGCAAGTCGAACGGAACTTACTTGTTAAGTTCAGTGGCGAACGGGTGAGTAACACGTAGATAACCTGCCCATACCCGGGGGATACGCTTTGGAAACGAAGTCTAAAACCCCATCCGAAAGAACAAGGCATCTTGTCCTTTTTAAACAGGCCATCAAGCCTGGGGGATGAATGGATCTGCGGTGCATTAGTTAGTTGGTAAGGCAACGGCTTACCAAGGCGATGATGCATAGCCGGCCTGAGAGGGCGATCGGCCACACTGGGACTGAGACACGGCCCAGACTCCTGCGGGAGGCAGCAGTAGGGAATTTTCGTCAATGGGCGCAAGCCTGAACGAGCAATGCCGCGTGAGTGAGGAAGGTCTTCGGATCGTAAAGCTCTGTTGCAGGTCAAAAAGGAAGGCAAGAGGAAATGCTTGTCTTTTGATGGTAGCCTGCCAGAAAGTCACGGCTAACTACGTGC",NA,NA,NA,NA,NA,NA,NA,NA,NA,NA,NA,NA,0.147058823529412,"k__Bacteria p__Firmicutes c__Erysipelotrichi o__Erysipelotrichales f__Erysipelotrichaceae g__Allobaculum s__"
"ATTGAACGCTGGCGGAACGCTTTACACATGCAAGTCGAACGGTAACGAGGAGGAAAGCTTGCTTTCCTCTGTCGACGAGTGGCGAACGGGTGAGTAAGACATCGGAACGTATCCGCTCGTGGGGGACAACTTCCCGAAAGGGGAGCTAATACCGCATGAGATCCGAGGATGAAAGAGGGGGACCCGCGAGGGCCTCTCGCGAGCGGAGCGGCCGATGACTGATTAGCTAGTTGGTAAGGTAAAGGCTTACCAAGGCGACGATCAGTAGCTGGTCTGAGAGGACGACCAGCCACACTGGGACTGAGACACGGCCCAGACTCCTACGGGAGGCAGCAGTGGGGAATTTTGGACAATGGGCGCAAGCCTGATCCAGCTATTCCGCGTGTGGGAAGACGGCCTTCGGGTTGTAAACCACTTTTGTAGAGAACGAAAAGTCTATTGATAATACCGATAGACGATGACGGTACTCTAAGAATAAGCACCGGCTAACTACGTGC",NA,NA,NA,NA,NA,NA,NA,NA,NA,NA,NA,NA,0.117647058823529,"k__Bacteria p__Proteobacteria c__Betaproteobacteria o__Burkholderiales f__Alcaligenaceae g__Sutterella s__"
"GACGAACGCTGGCGGCGCGCCTAACACATGCAAGTCGAACGGAGCTGTTTTCTCTGAAGTTTTCGGATGGAAGAGAGTTCAGCTTAGTGGCGAACGGGTGAGTAACACGTGAGCAACCTGCCTTTCAGTGGGGGACAACATTTGGAAACGAATGCTAATACCGCATAAGACCACAGTGTCGCATGGCACAGGGGTCAAAGGATTTATCCGCTGAAAGATGGGCTCGCGTCCGATTAGCTAGATGGTGAGGTAACGGCCCACCATGGCGACGATCGGTAGCCGGACTGAGAGGTTGAACGGCCACATTGGGACTGAGACACGGCCCAGACTCCTACGGGAGGCAGCAGTGGGGAATATTGCACAATGGGGGAAACCCTGATGCAGCGACGCCGCGTGGAGGAAGAAGGTCTTCGGATTGTAAACTCCTGTCCCAGGGGACGATAATGACGGTACCCTGGGAGGAAGCACCGGCTAACTACGTGC",NA,NA,NA,NA,NA,NA,NA,NA,NA,NA,NA,NA,0.0882352941176471,"k__Bacteria p__Firmicutes c__Clostridia o__Clostridiales f__Ruminococcaceae g__ s__"
"GATGAACGCTGGCGGCATGCCTAATACATGCAAGTCGAACGAGAGACCTTCGGGTCTCTAGTGGCGAACGGGTGAGTAACACGTAGGGAACCTGCCCGCGCACCGGGAATACGCTCTGGAAACGGAGAACAAATCCCGATGTACAGGAAGGAGGCATCTTCTTTCTGTGAAACATCCTTTCGGGGATGGGGCGCGGATGGACCTGCGGTGCATTAGTTGGTTGGCGGGGTAAAGGCCCACCAAGACGATGATGCATAGCCGGCCTGAGAGGGCGGACGGCCACATTGGGACTGAGACACGGCCCAGACTCCTGCGGGAGGCAGCAGTAGGGAATTTTCGTCAATGGGCGCAAGCCTGAACGAGCGATGCCGCGTGAGTGAAGAAGGCCTTCGGGTCGTAAAGCTCTGTTGCGGGGGAAAAAAGGCAGCATCAGGAAATGGGTGCTGACTGATGGTGCCCCGCCAGAAAGTCACGGCTAACTACGTGC",NA,NA,NA,NA,NA,NA,NA,NA,NA,NA,NA,NA,0.0588235294117647,"k__Bacteria p__Firmicutes c__Erysipelotrichi o__Erysipelotrichales f__Erysipelotrichaceae g__Allobaculum s__"
"GATGAACGCTAGCGACAGGCTTAACACATGCAAGTCGAGGGGCAGCGGGGGCGAAGCTTGCTTCGCCTGCCGGCGACCGGCGCACGGGTGAGTAACACGTATGCAACCTACCCCCTGCAGGGGAATAACCCGGAGAAATCCGGACTAATACCACACGGCACTTTCGGGAGGCATCTCCTGAGGGTTAAAGGAGCGATCCGGCCGGGGATGGGCATGCGGCGCATTAGCTAGTCGGCGGGGTAACGGCCCACCGAGGCAACGATGCGTAGGGGTTCTGAGAGGAAGGTCCCCCACACTGGTACTGAGACACGGACCAGACTCCTACGGGAGGCAGCAGTGAGGAATATTGGTCAATGGGCGGGAGCCTGAACCAGCCAAGTCGCGTGAGGGACGACGGTCCTATGGATTGTAAACCTCTTTTGTCGGGGAACAAAGGCGTCCACGAGTGGGCGGATGAGTGTACCCGAAGAAAAAGCATCGGCTAACTCCGTGC",NA,NA,NA,NA,NA,NA,NA,NA,NA,NA,NA,NA,0.0294117647058824,"k__Bacteria p__Bacteroidetes c__Bacteroidia o__Bacteroidales f__S24-7 g__ s__"
"GATGAACGCTGGCGGCATGCCTAATACATGCAAGTCGAACGGAACTTACTTGTTAAGTTCAGTGGCGAACGGGTGAGTAACACGTAGATAACCTGCCCATACCCGGGGGATACGCTTTGGAAACGAAGTCTAAAACCCCATCCGAAAGAACAAGGCATCTTGTCCTTTTTAAACAGGCCATCAAGCCTGGGGGATGAATGGATCTGCGGTGCATTAGTTAGTTGGTAAGGCAATGGCTTACCAAGGCGATGATGCATAGCCGGCCTGAGAGGGCGATCGGCCACACTGGGACTGAGACACGGCCCAGACTCCTGCGGGAGGCAGCAGTAGGGAATTTTCGTCAATGGGCGCAAGCCTGAACGAGCAATGCCGCGTGAGTGAGGAAGGTCTTCGGATCGTAAAGCTCTGTTGCAGGTCAAAAAGGAAGGCGAGAGGAAATGCTTGTCTTTTGATGGTAGCCTGCCAGAAAGTCACGGCTAACTACGTGC",NA,NA,NA,NA,NA,NA,NA,NA,NA,NA,NA,NA,0.0294117647058824,"k__Bacteria p__Firmicutes c__Erysipelotrichi o__Erysipelotrichales f__Erysipelotrichaceae g__Allobaculum s__"
"GATGAACGCTGGCGGCATGCCTAATACATGCAAGTCGAACGGAACTTACTTGTTAAGTTCAGTGGCGAACGGGTGAGTAACACGTAGATAACCTGCCCATACCCGGGGGATACGCTTTGGAAACGAAGTCTAAAACCCCATCCGAAAGAACAAGGCATCTTGTCCTTTTTAAACAGGCTTTCAAGCCTGGGGGATGAATGGATCTGCGGTGCATTAGTTAGTTGGTAAGGCAATGGCTTACCAAGGCGATGATGCATAGCCGGCCTGAGAGGGCGATCGGCCACACTGGGACTGAGACACGGCCCAGACTCCTGCGGGAGGCAGCAGTAGGGAATTTTCGTCAATGGGCGCAAGCCTGAACGAGCAATGCCGCGTGAGTGAGGAAGGTCTTCGGATCGTAAAGCTCTGTTGCAGGTCAAAAAGGAAGGCAAGAGGAAATGCTTGTCTTTTGATGGTAGCCTGCCAGAAAGTCACGGCTAACTACGTGC",NA,NA,NA,NA,NA,NA,NA,NA,NA,NA,NA,NA,0.0294117647058824,"k__Bacteria p__Firmicutes c__Erysipelotrichi o__Erysipelotrichales f__Erysipelotrichaceae g__Allobaculum s__"
"GATGAACGCTGGCGGCGTGCTTAACACATGCAAGTCGAGCGAAGCATTTAAGATGATCTCTTCGGATTGAGTCTTATATGACTGAGCGGCGGACGGGTGAGTAACGCGTGGGTAACCTGCCTCATACAGGGGGATAACAGTTAGAAATGACTGCTAATACCGCATAAGCGCACAGGGCTGCATGGCCCGGTGTGAAAAACTCCGGTGGTATGAGATGGACCCGCGTCTGATTAGCTGGTTGGAGGGGTAACGGCCCACCAAGGCGACGATCAGTAGCCGGCCTGAGAGGGTGAACGGCCACATTGGGACTGAGACACGGCCCAGACTCCTACGGGAGGCAGCAGTGGGGAATATTGCACAATGGGGGAAACCCTGATGCAGCGACGCCGCGTGAAGGAAGAAGTATCTCGGTATGTAAACTTCTATCAGCAGGGAAGAAAATGACGGTACCTGACTAAGAAGCCCCGGCTAACTACGTGC",NA,NA,NA,NA,NA,NA,NA,NA,NA,NA,NA,NA,0.0294117647058824,"k__Bacteria p__Firmicutes c__Clostridia o__Clostridiales f__Lachnospiraceae g__Blautia s__producta"
