sPLS-DA Dimension,Sequence,OverexpressedGroup,Loading,Occurrence in cross validation models,Taxonomy,,,,,,,,,,,
1,GATGAACGCTGGCGGCATGCCTAATACATGCAAGTCGAACGGATATCTTCGGATATCAGTGGCGAACGGGTGAGTAACACGTAGAGAACCTGCCCGAACCCGGGGGATACGCTTTGGAAACGAAGTCTAAAACCCCATAGGAAAGAAAGCGGCATCGCTTTCTTTTGAAAAAGGCTTTTGCCTTGGGGACGGATGGATCTGCGGTGCATTAGTTAGTTGGCAGTATAAGAGACTACCAAGACGATGATGCATAGCCGGCCTGAGAGGGCGAACGGCCACACTGGGACTGAGACACGGCCCAGACTCCTGCGGGAGGCAGCAGTAGGGAATTTTCGTCAATGGGCGCAAGCCTGAACGAGCAATGCCGCGTGAGTGAGGAAGGTCTTCGGATCGTAAAGCTCTGTTGCGGGGGAAAAAGGACAGGAAGAGGGAATGCTTTCTGTTTGATGGTACCCCGCCAGAAAGTCACGGCTAACTACGTGC,NC_Sed,0.481784762,1,k__Bacteria p__Firmicutes c__Erysipelotrichi o__Erysipelotrichales f__Erysipelotrichaceae g__Allobaculum s__,,,,,,,,,,,
1,GATGAACGCTGGCGGCATGCCTAATACATGCAAGTCGAACGGATATCTTCGGATATCAGTGGCGAACGAGTGAGTAACACGTAGAGAACCTGCCCGAACCCGGGGGATACGCTTTGGAAACGAAGTCTAAAACCCCATAGGAAAGAAAGCGGCATCGCTTTCTTTTGAAAAAGGCTCTGGCCTTGGGGACGGATGGATCTGCGGTGCATTAGTTAGTTGGCAGTATAAGAGACTACCAAGACGATGATGCATAGCCGGCCTGAGAGGGCGAACGGCCACACTGGGACTGAGACACGGCCCAGACTCCTGCGGGAGGCAGCAGTAGGGAATTTTCGTCAATGGGCGCAAGCCTGAACGAGCAATGCCGCGTGAGTGAGGAAGGTCTTCGGATCGTAAAGCTCTGTTGCGGGGGAAAAAGGACAGGAAGAGGGAATGCTTTCTGTTTGATGGTACCCCGCCAGAAAGTCACGGCTAACTACGTGC,NC_Sed,0.481201583,1,k__Bacteria p__Firmicutes c__Erysipelotrichi o__Erysipelotrichales f__Erysipelotrichaceae g__Allobaculum s__,,,,,,,,,,,
1,GATGAACGCTGGCGGCATGCCTAATACATGCAAGTCGAACGGATATCTTCGGATATCAGTGGCGAACGGGTGAGTAACACGTAGAGAACCTGCCCGAACCCGGGGGATACGCTTTGGAAACGAAGTCTAAAACCCCATAGGAAAGAAAGCGGCATCGCTTTCTTTTGAAAAAGGCTCTGGCCTTGGGGACGGATGGATCTGCGGTGCATTAGTTAGTTGGCAGTATAAGAGACTACCAAGACGATGATGCATAGCCGGCCTGAGAGGGCGAACGGCCACACTGGGACTGAGACACGGCCCAGACTCCTGCGGGAGGCAGCAGTAGGGAATTTTCGTCAATGGGCGCAAGCCTGAACGAGCAATGCCGCGTGAGTGAGGAAGGTCTTCGGATCGTAAAGCTCTGTTGCGGGGGAAAAAGGACAGGAAGAGGGAATGCTTTCTGTTTGATGGTACCCCGCCAGAAAGTCACGGCTAACTACGTGC,NC_Sed,0.440947432,1,k__Bacteria p__Firmicutes c__Erysipelotrichi o__Erysipelotrichales f__Erysipelotrichaceae g__Allobaculum s__,,,,,,,,,,,
1,GATGAACGCTAGCGACAGGCCTAACACATGCAAGTCGAGGGGCAGCGGGGGAGTTAGCTTGCTAATTCCTGCCGGCGACCGGCGCACGGGTGAGTAACGCGTATGCGACCTTCCCGTCACAGGGGGATAATCCGGAGAAATCCGGTCTAATACCGCATGATATCGAGAGTCTGCATGGATTTTCGATTAAAGGAGCGATCCGGTGACGGATGGGCATGCGTGACATTAGCTAGTCGGCGGGGTAACGGCCCACCGAGGCGACGATGTCTAGGGGTTCTGAGAGGAAGGTCCCCCACACTGGTACTGAGACACGGACCAGACTCCTACGGGAGGCAGCAGTGAGGAATATTGGTCAATGGGCTTACGCCTGAACCAGCCAAGTCGCGTGAGGGAAGACTGCCCTATGGGTTGTAAACCTCTTTTGTCAGGGAGCAACAACATCTACGAGTAGGTGTTACGAGAGTACCTGAAGAAAAAGCATCGGCTAACTCCGTGC,NC_Ex,0.321773674,1,k__Bacteria p__Bacteroidetes c__Bacteroidia o__Bacteroidales f__S24-7 g__ s__,,,,,,,,,,,
1,GATGAACGCTGGCGGCATGCCTAATACATGCAAGTCGAACGGAACTTACTTGTTAAGTTCAGTGGCGAACGGGTGAGTAACACGTAGATAACCTGCCCATACCCGGGGGATACGCTTTGGAAACGAAGTCTAAAACCCCATCCGAAAGAACAAGGCATCTTGTCCTTTTTAAACAGGCCATCAAGCCTGGGGGATGAATGGATCTGCGGTGCATTAGTTAGTTGGTAAGGCAATGGCTTACCAAGGCGATGATGCATAGCCGGCCTGAGAGGGCGATCGGCCACACTGGGACTGAGACACGGCCCAGACTCCTGCGGGAGGCAGCAGTAGGGAATTTTCGTCAATGGGCGCAAGCCTGAACGAGCAATGCCGCGTGAGTGAGGAAGGTCTTCGGATCGTAAAGCTCTGTTGCAGGTCAAAAAGGAAGGCAAGAGGAAATGCTTGTCTTTTGATGGTAGCCTGCCAGAAAGTCACGGCTAACTACGTGC,NC_Sed,0.276688349,1,k__Bacteria p__Firmicutes c__Erysipelotrichi o__Erysipelotrichales f__Erysipelotrichaceae g__Allobaculum s__,,,,,,,,,,,
1,GACGAACGCTGGCGGCGTGCTTCATACATGCAAGTCGAACGAGAAGTCTACTTCGGTAGATGGAAAGTGGCGGACGGGTGAGTAAAATGTAGGGAATCTGCCTTTAGGTGGGGGACAACAGTTGGAAACGATTGCTAATACCCCATATGAGCTTAGTTGAGATACTAATCTTGAAAACTCCGGTGCCTAGAGATGAGCCTGCATCTGATTAGCTAGTTGGGGGTGTAATGGACCACCAAGGCGACGATCAGTAGCTGGTTTGAGAGGATGATCAGCCACAATGGGACTGAGACACGGCCCATACTCCTACGGGAGGCAGCAGTAGGGAATTTTGCGCAATGGGGGAAACCCTGACGCAGCAACGCCGCGTGAATGATAAAGCCCTTCGGGGTGTAAAGTTCTGTCAATGGGGACGAAACTTGACGGTACCCATAGAGGAAGCACCGGCTAACTCCGTGC,HF_Sed,-0.246510978,1,k__Bacteria p__Cyanobacteria c__4C0d-2 o__YS2 f__ g__ s__,,,,,,,,,,,
1,GATGAACGCTGGCGGCATGCCTAATACATGCAAGTCGAACGGAACTTACTTGTTAAGTTCAGTGGCGAACGGGTGAGTAACACGTAGATAACCTGCCCATACCCGGGGGATACGCTTTGGAAACGAAGTCTAAAACCCCATCCGAAAGAACAAGGCATCTTGTCCTTTTTAAACAGGCCATCAAGCCTGGGGGATGAATGGATCTGCGGTGCATTAGCTGGTTGGTAAGGCAACGGCTTACCAAGGCGATGATGCATAGCCGGCCTGAGAGGGCGATCGGCCACACTGGGACTGAGACACGGCCCAGACTCCTGCGGGAGGCAGCAGTAGGGAATTTTCGTCAATGGGCGCAAGCCTGAACGAGCAATGCCGCGTGAGTGAGGAAGGTCTTCGGATCGTAAAGCTCTGTTGCAGGTCAAAAAGGAAGGCAAGAGGAAATGCTTGTCTTTTGATGGTAGCCTGCTAGAAAGTCACGGCTAACTACGTGC,NC_Sed,0.062444678,1,k__Bacteria p__Firmicutes c__Erysipelotrichi o__Erysipelotrichales f__Erysipelotrichaceae g__Allobaculum s__,,,,,,,,,,,
1,GATGAACGCTGGCGGCATGCCTAATACATGCAAGTCGAACGGAACTTACTTGTTAAGTTCAGTGGCGAACGGGTGAGTAACACGTAGATAACCTGCCCATACCCGGGGGATACGCTTTGGAAACGAAGTCTAAAACCCCATCCGAAAGAACAAGGCATCTTGTCCTTTTTAAACAGGCCATCAAGCCTGGGGGATGAATGGATCTGCGGTGCATTAGTTAGTTGGTAAGGCAACGGCTTACCAAGGCGATGATGCATAGCCGGCCTGAGAGGGCGATCGGCCACACTGGGACTGAGACACGGCCCAGACTCCTGCGGGAGGCAGCAGTAGGGAATTTTCGTCAATGGGCGCAAGCCTGAACGAGCAATGCCGCGTGAGTGAGGAAGGTCTTCGGATCGTAAAGCTCTGTTGCAGGTCAAAAAGGAAGGTAAGAGGAAATGCTTGTCTTTTGATGGTAGCCTGCCAGAAAGTCACGGCTAACTACGTGC,NC_Sed,0.054432908,1,k__Bacteria p__Firmicutes c__Erysipelotrichi o__Erysipelotrichales f__Erysipelotrichaceae g__Allobaculum s__,,,,,,,,,,,
1,GATGAACGCTAGCGACAGGCTTAACACATGCAAGTCGAGGGGCAGCGGGGGCGAAGCTTGCTTCGCCTGCCGGCGACCGGCGCACGGGTGAGTAACACGTATGCAACCTACCCCCTGCAGGGGAATAACCCGGAGAAATCCGGACTAATACCACACGGCACTTTCGGGAGGCATCTCCTGAGGGTTAAAGGAGCGATCCGGCCGGGGATGGGCATGCGGCGCATTAGCTAGTCGGCGGGGTAACGGCCCACCGAGGCGACGATGCGTAGGGGTTCTGAGAGGAAGGTCCCCCACACTGGTACTGAGACACGGACCAGACTCCTACGGGAGGCAGCAGTGAGGAATATTGGTCAATGGGCGGGAGCCTGAACCAGCCAAGTCGCGTGAGGGACGACGGTCCTATGGATTGTAAACCTCTTTTGTCGGGGAACAAAGGCGCCCACGGGTGGGCGGATGAGTGTACCCGAAGAAAAAGCATCGGCTAACTCCGTGC,HF_Sed,-0.280631586,0.970588235,k__Bacteria p__Bacteroidetes c__Bacteroidia o__Bacteroidales f__S24-7 g__ s__,,,,,,,,,,,
1,GATGAACGCTAGCGACAGGCCTAACACATGCAAGTCGAGGGGCAGCGGGGGAGTTAGCTTGCTAATTCCTGCCGGCGACCGGCGCACGGGTGAGTAACGCGTATGCGACCTGCCCGTCACAGGGGGATAATCCGGAGAAATCCGGTCTAATACCGCATAATATCGAGAGTCTGCATGGATTTTCGATTAAAGGAGCGATCCGGTGACGGATGGGCATGCGTGACATTAGCTAGTCGGCGGGGTAACGGCCCACCGAGGCGACGATGTCTAGGGGTTCTGAGAGGAAGGTCCCCCACACTGGTACTGAGACACGGACCAGACTCCTACGGGAGGCAGCAGTGAGGAATATTGGTCAATGGGCTTACGCCTGAACCAGCCAAGTCGCGTGAGGGAAGACTGCCCTATGGGTTGTAAACCTCTTTTGTCAGGGAGCAACAACATCTACGAGTAGGTGTTACGAGAGTACCTGAAGAAAAAGCATCGGCTAACTCCGTGC,NC_Ex,0.105025693,0.941176471,k__Bacteria p__Bacteroidetes c__Bacteroidia o__Bacteroidales f__S24-7 g__ s__,,,,,,,,,,,
1,GATGAACGCTGGCGGCATGCCTAATACATGCAAGTCGAACGGAACTTACTTGTTAAGTTCAGTGGCGAACGGGTGAGTAACACGTAGATAACCTGCCCATACCCGGGGGATACGCTTTGGAAACGAAGTCTAAAACCCCATCCGAAAGAACAAGGCATCTTGTCCTTTTTAAACAGGCCATCAAGCCTGGGGGATGAATGGATCTGCGGTGCATTAGTTAGTTGGTAAGGCAGCGGCTTACCAAGGCGATGATGCATAGCCGGCCTGAGAGGGCGATCGGCCACACTGGGACTGAGACACGGCCCAGACTCCTGCGGGAGGCAGCAGTAGGGAATTTTCGTCAATGGGCGCAAGCCTGAACGAGCAATGCCGCGTGAGTGAGGAAGGTCTTCGGATCGTAAAGCTCTGTTGCAGGTCAAAAAGGAAGGCGAGAGGAAATGCTTGTCTTTTGATGGTAGCCTGCCAGAAAGTCACGGCTAACTACGTGC,NC_Sed,0.031421547,0.941176471,k__Bacteria p__Firmicutes c__Erysipelotrichi o__Erysipelotrichales f__Erysipelotrichaceae g__Allobaculum s__,,,,,,,,,,,
2,GATGAACGCTGGCGGCATGCCTAATACATGCAAGTCGAACGGATATCTTCGGATATGAGTGGCGAACGGGTGAGTAACACGTAGGGAACCTGCCTGCATGAGCGGGAGAACTTCTGGAAACGGAAGCTGATACCGGATGAGCAAAGAGGAGGCATCTTCTTTTTGGAAAAGGGGACAAGAGTCCCGCATGCAGATGGACCTGCGGTGCATTAGCTGGTTGGAGAGGTAACGGCTCACCAAGGCGACGATGCATAGCCGGCCTGAGAGGGCGGACGGCCACACTGGGACTGAGACACGGCCCAGACTCCTGCGGGAGGCAGCAGTAGGGAATTTTCGTCAATGGGGGGAACCCTGAACGAGCAATGCCGCGTGAGCGAGGAAGGTCTTCGGATCGTAAAGCTCTGTTGCCGGGGACAAAAGGCAGAAAGAGTGGAAAGCTTTCTGAGTGATGGTACCCGGCGAGGAAGTCACGGCTAACTACGTGC,HF_Sed,-0.395494266,1,k__Bacteria p__Firmicutes c__Erysipelotrichi o__Erysipelotrichales f__Erysipelotrichaceae g__Allobaculum s__,,,,,,,,,,,
2,GATGAACGCTGGCGGCGTGCTTAACACATGCAAGTCGAACGAAGCGCTTTGAAATGCTTGCATTTTAAAGTGACTGAGTGGCGGACGGGTGAGTAACGCGTGGGTAACCTACCTCATACAGGGGGATAACAGTTAGAAATGACTGCTAATACCGCATAAGCCTCCAATACCGCATGGTATAGAAGGAAAAGTTATTTCGGTATGAGATGGGCCCGCGTCTGATTAGCTAGTTGGTAAGGTAACAGCTTACCAAGGCAACGATCAGTAGCCGGCTTGAGAGAGTGAACGGCCACATTGGAACTGAGACACGGTCCAAACTCCTACGGGAGGCAGCAGTGGGGAATATTGCACAATGGGGGAAACCCTGATGCAGCGACGCCGCGTGAGTGAAGAAGTATTTCGGTATGTAAAGCTCTATCAGCAGGGAAGAAAATGACGGTACCTGACTAAGAAGCCCCGGCTAACTACGTGC,HF_Sed,0.342354565,1,k__Bacteria p__Firmicutes c__Clostridia o__Clostridiales f__Lachnospiraceae g__Coprococcus s__,,,,,,,,,,,
2,GATGAACGCTGGCGGCGTGCCTAATACATGCAAGTCGAACGAAACTTCTTTATCACCGAGTGCTTGCACTCACCGATAAAGAGTTGAGTGGCGAACGGGTGAGTAACACGTGGGCAACCTGCCCAAAAGAGGGGGATAACACTTGGAAACAGGTGCTAATACCGCATAACCATAGTTACCGCATGGTAACTATGTAAAAGGTGGCTATGCTACCGCTTTTGGATGGGCCCGCGGCGCATTAGCTAGTTGGTGGGGTAAAGGCTTACCAAGGCAATGATGCGTAGCCGAACTGAGAGGTTGATCGGCCACATTGGGACTGAGACACGGCCCAAACTCCTACGGGAGGCAGCAGTAGGGAATCTTCCACAATGGGCGAAAGCCTGATGGAGCAACGCCGCGTGGGTGAAGAAGGTCTTCGGATCGTAAAACCCTGTTGTTAGAGAAGAAAGTGCGTGAGAGTAACTGTTCACGTTTCGACGGTATCTAACCAGAAAGCCACGGCTAACTACGTGC,HF_Sed,-0.323194108,1,k__Bacteria p__Firmicutes c__Bacilli o__Lactobacillales f__Lactobacillaceae g__Lactobacillus s__,,,,,,,,,,,
2,GATGAACGCTGGCGGCGTGCTTAACACATGCAAGTCGAACGAAGCACTTTGAAATGCTTGCATTTTAAAGTGACTGAGTGGCGGACGGGTGAGTAACGCGTGGGTAACCTACCTCATACAGGGGGATAACAGTTAGAAATGACTGCTAATACCGCATAAGCCTCCAATACCGCATGGTATAGAAGGAAAAGTTATATCGGTATGAGATGGGCCCGCGTCTGATTAGCTAGTTGGTAAGGTAACAGCTTACCAAGGCAACGATCAGTAGCCGGCTTGAGAGAGTGAACGGCCACATTGGAACTGAGACACGGTCCAAACTCCTACGGGAGGCAGCAGTGGGGAATATTGCACAATGGGGGAAACCCTGATGCAGCGACGCCGCGTGAGTGAAGAAGTATTTCGGTATGTAAAGCTCTATCAGCAGGGAAGAAAATGACGGTACCTGACTAAGAAGCCCCGGCTAACTACGTGC,HF_Sed,0.266938237,1,k__Bacteria p__Firmicutes c__Clostridia o__Clostridiales f__Lachnospiraceae g__Coprococcus s__,,,,,,,,,,,
2,GATGAACGCTGGCGGCATGCCTAATACATGCAAGTCGAACGAGAGACCTTCGGGTCTCTAGTGGCGAACGGGTGAGTAACACGTAGGGAACCTGCCCGCGCACCGGGAATACGCTCTGGAAACGGAGAACAAATCCCGATGTACAGGAAGGAGGCATCTTCTTTCTGTGAAACATCCTTTAGGGGATGGGGCGCGGATGGACCTGCGGTGCATTAGTTTGTTGGCGGGGTAAAGGCCCACCAAGACGATGATGCATAGCCGGCCTGAGAGGGCGGACGGCCACATTGGGACTGAGACACGGCCCAGACTCCTGCGGGAGGCAGCAGTAGGGAATTTTCGTCAATGGGCGCAAGCCTGAACGAGCGATGCCGCGTGAGTGAAGAAGGCCTTCGGGTCGTAAAGCTCTGTTGCGGGGGAAAAAAGGCAGCATCAGGAAATGGGTGCTGACTGATGGTGCCCCGCCAGAAAGTCACGGCTAACTACGTGC,HF_Sed,-0.264793916,1,k__Bacteria p__Firmicutes c__Erysipelotrichi o__Erysipelotrichales f__Erysipelotrichaceae g__Allobaculum s__,,,,,,,,,,,
2,GATGAACGCTGGCGGCGTGCTTAACACATGCAAGTCGAACGAAGCACTTTGAAATGCTTGCATTTTAAAGTGACTGAGTGGCGGACGGGTGAGTAACGCGTGGGTAACCTACCTCATACAGGGGGATAACAGTTAGAAATGACTGCTAATACCGCATAAGCCTCCAATACCGCATGGTATAGAAGGAAAAGTTATTTCGGTATGAGATGGGCTCGCGTCTGATTAGCTAGTTGGTAAGGTAACAGCTTACCAAGGCAACGATCAGTAGCCGGCTTGAGAGAGTGAACGGCCACATTGGAACTGAGACACGGTCCAAACTCCTACGGGAGGCAGCAGTGGGGAATATTGCACAATGGGGGAAACCCTGATGCAGCGACGCCGCGTGAGTGAAGAAGTATTTCGGTATGTAAAGCTCTATCAGCAGGGAAGAAAATGACGGTACCTGACTAAGAAGCCCCGGCTAACTACGTGC,HF_Sed,0.251643516,1,k__Bacteria p__Firmicutes c__Clostridia o__Clostridiales f__Lachnospiraceae g__Coprococcus s__,,,,,,,,,,,
2,GATGAACGCTGGCGGCGTGCCTAACACATGCAAGTCGAGCGGAGCGGTCTTGATGAAGTTTTCGGATGGAATCAGGATTGTCTTAGCGGCGGACGGGTGAGTAACACGTGGATAACCTGCCTTATACTGGGGGATAACAGCCAGAAATGGCTGCTAATACCGCATAAGCGCACGGCGCCGCATGGCGCAGTGTGAAAAACTCCGGTGGTATAAGATGGATCCGCGCCTGATTAGCTAGTTGGCGGGGCAGCGGCCCACCAAGGCGACGATCAGTAGCCGGCCTGAGAGGGCGACCGGCCACATTGGGACTGAGACACGGCCCAAACTCCTACGGGAGGCAGCAGTGGGGAATATTGCACAATGGGGGGAACCCTGATGCAGCGACGCCGCGTGAGTGAAGAAGTATTTCGGTATGTAAAGCTCTATCAGCAGGGAAGAAGATGACGGTACCTGACTAAGAAGCCCCGGCTAACTACGTGC,HF_Sed,-0.248857896,1,k__Bacteria p__Firmicutes c__Clostridia o__Clostridiales f__Lachnospiraceae g__ s__,,,,,,,,,,,
2,GATGAACGCTGGCGGCGTGCTTAACACATGCAAGTCGAACGAAGCACTTTAAAATGCTTGCATTTTGAAGTGACTGAGTGGCGGACGGGTGAGTAACGCGTGGGTAACCTACCTCATACAGGGGGATAACAGTTAGAAATGACTGCTAATACCGCATAAGCCTCCAATACCGCATGGTATAGAAGGAAAAGTTATTTCGGTATGAGATGGACCCGCGTCTGATTAGCTAGTTGGTAAGGTAACGGCTTACCAAGGCGACGATCAGTAGCCGGCTTGAGAGAGTGAACGGCCACATTGGAACTGAGACACGGTCCAAACTCCTACGGGAGGCAGCAGTGGGGAATATTGCACAATGGGGGAAACCCTGATGCAGCGACGCCGCGTGAGTGAAGAAGTATTTCGGTATGTAAAGCTCTATCAGCAGGGAAGAAAATGACGGTACCTGACTAAGAAGCCCCGGCTAACTACGTGC,HF_Sed,0.242883715,1,k__Bacteria p__Firmicutes c__Clostridia o__Clostridiales f__Lachnospiraceae g__Coprococcus s__,,,,,,,,,,,
2,GATGAACGCTGGCGGCGTGCTTAACACATGCAAGTCGAACGAAGCACTTTGAAATGCTTGCATTTTAAAGTGACTGAGTGGCGGACGGGTGAGTAACGCGTGGGTAACCTACCTCATACAGGGGGATAACAGTTAGAAATGACTGCTAATACCGCATAAGCCTCCAATACCGCATGGTATAGAAGGAAAAGTTATTTCGGTATGAGATGGGCCCGCGTCTGATTAGCTAGTTGGTAAGGTAACGGCTTACCAAGGCAACGATCAGTAGCCGGCTTGAGAGAGTGAACGGCCACATTGGAACTGAGACACGGTCCAAACTCCTACGGGAGGCAGCAGTGGGGAATATTGCACAATGGGGGAAACCCTGATGCAGCGACGCCGCGTGAGTGAAGAAGTATTTCGGTATGTAAAGCTCTATCAGCAGGGAAGAAAATGACGGTACCTGACTAAGAAGCCCCGGCTAACTACGTGC,HF_Sed,0.241486062,1,k__Bacteria p__Firmicutes c__Clostridia o__Clostridiales f__Lachnospiraceae g__Coprococcus s__,,,,,,,,,,,
2,GATGAACGCTGGCGGCGTGCCTAATACATGCAAGTCGAACGAAACTTCTTTATCACCGAGTGCTTGCACTCACCGATAAAGAGTTGAGTGGCGAACGGGTGAGTAACACGTGGGCAACCTGCCCAAAAGAGGGGGATAACACTTGGAAACAGGTGCTAATACCGCATAACCATAGTTACCGCATGGTAACTATGTAAAAGGTGGCTATGCTACCGCTTTTGGATGGGCCCGCGACGCATTAGCTAGTTGGTGGGGTAAAGGCTTACCAAGGCAATGATGCGTAGCCGAACTGAGAGGTTGATCGGCCACATTGGGACTGAGACACGGCCCAAACTCCTACGGGAGGCAGCAGTAGGGAATCTTCCACAATGGGCGAAAGCCTGATGGAGCAACGCCGCGTGGGTGAAGAAGGTCTTCGGATCGTAAAACCCTGTTGTTAGAGAAGAAAGTGCGTGAGAGTAACTGTTCACGTTTCGACGGTATCTAACCAGAAAGCCACGGCTAACTACGTGC,HF_Sed,-0.312897886,0.970588235,k__Bacteria p__Firmicutes c__Bacilli o__Lactobacillales f__Lactobacillaceae g__Lactobacillus s__,,,,,,,,,,,
2,GATGAACGCTGGCGGCGTGCCTAACACATGCAAGTCGAGCGAAGCGATTTTGAGGAAGTTTTCGGATGGAATTGAAATTGACTTAGCGGCGGACGGGTGAGTAACACGTGGGTAATCTGCCTTATACAGGGGGATAACAGTTAGAAATGACTGCTAATACCGCATAAGCGCACGGGAACGCATGTTTCTGTGTGAAAAACTCCGGTAGTATAAGATGAGCCCGCGTCTGATTAGCTGGTTGGTGGGGTAACGGCCTACCAAGGCGACGATCAGTAGCCGGCCTGAGAGGGTGAACGGCCACATTGGGACTGAGACACGGCCCAAACTCCTACGGGAGGCAGCAGTGGGGAATATTGCACAATGGGGGAAACCCTGATGCAGCGACGCCGCGTGAGTGAAGAAGTATTTCGGTATGTAAAGCTCTATCAGCAGGGAAGAAAATGACGGTACCTGACTAAGAAGCCCCGGCTAACTACGTGC,HF_Sed,-0.212158183,0.970588235,k__Bacteria p__Firmicutes c__Clostridia o__Clostridiales f__Lachnospiraceae g__ s__,,,,,,,,,,,
2,AACGAACGCTGGCGGCAGGCTTAACACATGCAAGTTGAACGTGATTATATCTGTGCTTGCACGGATATATGAAAGTAGCGCACGGGTGAGTAACACGTGGGAACGTACCTTAGAGTGGGGGATAACAGTTGGAAACGACTGCTAATACCGCATATGCCTTGAGGGGTAAAGATTTATCGCTTTAAGAACGGCCCGCGGAAGATTAGGTAGTTGGTGGGGTAAAGGCCTACCAAGCCTACGATCTATAGCTGGTCTGAGAGGACGATCAGCCACATTGGGACTGAGACACGGCCCAAACTCCTACGGGAGGCAGCAGTGAGGAATATTGGGCAATGGGGGCAACCCTGACCCAGCCATGCCGCGTGAGTGAAGAAGGTCTTCGGATTGTAAAGCTCTTTCGGACGTGACGATGATGACGGTAGCGTCTAAAGAAGCACCGGCAAACTTCGTGC,NC_Ex,0.1612981,0.970588235,k__Bacteria p__Proteobacteria c__Alphaproteobacteria o__RF32 f__ g__ s__,,,,,,,,,,,
2,GATGAACGCTGGCGGCGTGCCTAATACATGCAAGTCGAACGAAACTTCTTTATCACCGAGTGCTTGCACTCACCGATAAAGAGTTGAGTGGCGAACGGGTGAGTAACACGTGGGCAACCTGCCCAAAAGAGGGGGATAACACTTGGAAACAGGTGCTAATACCGCATAACCATAGTTACCGCATGGTAACTATGTAAAAGGTGGCTATACTACCGCTTTTGGATGGGCCCGCGGCGCATTAGCTAGTTGGTAGGGTAAAGGCTTACCAAGGCAATGATGCGTAGCCGAATTGAGAGGTTGATCGGCCACATTGGGACTGAGACACGGCCCAAACTCCTACGGGAGGCAGCAGTAGGGAATCTTCCACAATGGGCGAAAGCCTGATGGAGCAACGCCGCGTGGGTGAAGAAGGTCTTCGGATCGTAAAACCCTGTTGTTAGAGAAGAAAGTGCGTGAGAGTAACTGTTCACGTTTCGACGGTATCTAACCAGAAAGCCACGGCTAACTACGTGC,NC_Sed,-0.22347754,0.941176471,k__Bacteria p__Firmicutes c__Bacilli o__Lactobacillales f__Lactobacillaceae g__Lactobacillus s__,,,,,,,,,,,
2,GATGAACGCTGGCGGCATGCCTAATACATGCAAGTCGAACGAGAGACCTTCGGGTCTCTAGTGGCGAACGGGTGAGTAACACGTAGGGAACCTGCCCGCGCACCGGGAATACGCTCTGGAAACGGAGAACAAATCCCGATGTACAGGAAGGAGGCATCTTCTTTCTGTGAAACATCCTTTCGGGGATGGGGCGCGGATGGACCTGCGGTGCATTAGTTTGTTGGCGGGGTAAAGGCCCACCAAGACGATGATGCATAGCCGGCCTGAGAGGGCGGACGGCCACATTGGGACTGAGACACGGCCCAGACTCCTGCGGGAGGCAGCAGTAGGGAATTTTCGTCAATGGGCGCAAGCCTGAACGAGCGATGCCGCGTGAGTGAAGAAGGCCTTCGGGTCGTAAAGCTCTGTTGCGGGGGAAAAAAGGCAGCATCAGGAAATGGGTGCTGACTGATGGTGCCCCGCCAGAAAGTCACGGCTAACTACGTGC,HF_Sed,-0.042340496,0.941176471,k__Bacteria p__Firmicutes c__Erysipelotrichi o__Erysipelotrichales f__Erysipelotrichaceae g__Allobaculum s__,,,,,,,,,,,
3,No ASV present in >90% of models constructed under cross validation,,,,,,,,,,,,,,,
4,ATTGAACGCTGGCGGAACGCTTTACACATGCAAGTCGAACGGTAACAGCGAGGAAAGCTTGCTTTTTTCGGCTGACGAGTGGCGAACGGGTGAGTAATACATCGGAACGTGTCCGCTCGTGGGGGACAACCATCCGAAAGGATGGCTAATACCGCATGAGTTCTACGGAAGAAAGAGGGGGACCTGCTTGCAGGCCTCTCGCGAGCGGAGCGGCCGATGACTGATTAGCCGGTTGGTGAGGTAACGGCTCACCAAAGCAACGATCAGTAGCTGGTCTGAGAGGACGACCAGCCACACTGGGACTGAGACACGGCCCAGACTCCTACGGGAGGCAGCAGTGGGGAATTTTGGACAATGGGCGCAAGCCTGATCCAGCTATTCCGCGTGTGGGATGACGGCCCTCGGGTTGTAAACCACTTTAGTAGAGAACGAAAAGGAGCTATCGAATAAATAGCTCTGCTGACGGTACTCTAAGAATAAGCACCGGCTAACTACGTGC,HF_Sed,0.376276239,0.970588235,k__Bacteria p__Proteobacteria c__Betaproteobacteria o__Burkholderiales f__Alcaligenaceae g__Sutterella s__,,,,,,,,,,,
4,GATGAACGCTGGCGGCGTGCCTAATACATGCAAGTCGAACGAAACTTCTTTATCACCGAGTGCTTGCACTCACCGATAAAGAGTTGAGTGGCGAACGGGTGAGTAACACGTGGGCAACCTGCCCAAAAGAGGGGGATAACACTTGGAAACAGGTGCTAATACCGCATAACCATAGTTACCGCATGGTAACTATGTAAAAGGTGGCTATACTACCGCTTTTGGATGGGCCCGCGGCGCATTAGCTAGTTGGTAGGGTAAAGGCTTACCAAGGCAATGATGCGTAGCCGAATTGAGAGGTTGATCGGCCACATTGGGACTGAGACACGGCCCAAACTCCTACGGGAGGCAGCAGTAGGGAATCTTCCACAATGGGCGAAAGCCTGATGGAGCAACGCCGCGTGGGTGAAGAAGGTCTTCGGATCGTAAAACCCTGTTGTTAGAGAAGAAAGTGCGTGAGAGTAACTGTTCACGTTTCGACGGTATCTAACCAGAAAGCCACGGCTAACTACGTGC,NC_Sed,0.340850265,0.970588235,k__Bacteria p__Firmicutes c__Bacilli o__Lactobacillales f__Lactobacillaceae g__Lactobacillus s__,,,,,,,,,,,
4,GATGAACGCTGGCGGCGTGCCTAATACATGCAAGTCGAACGAAACTTCTTTATCACCGAGTGCTTGCACTCACCGATAAAGAGTTGAGTGGCGAACGGGTGAGTAACACGTGGGCAACCTGCCCAAAAGAGGGGGATAACACTTGGAAACAGGTGCTAATACCGCATAACCATAGTTACCGCATGGTAACTATGTAAAAGGTGGCTATGCTACCGCTTTTGGATGGGCCCGCGACGCATTAGCTAGTTGGTGGGGTAAAGGCTTACCAAGGCAATGATGCGTAGCCGAACTGAGAGGTTGATCGGCCACATTGGGACTGAGACACGGCCCAAACTCCTACGGGAGGCAGCAGTAGGGAATCTTCCACAATGGGCGAAAGCCTGATGGAGCAACGCCGCGTGGGTGAAGAAGGTCTTCGGATCGTAAAACCCTGTTGTTAGAGAAGAAAGTGCGTGAGAGTAACTGTTCACGTTTCGACGGTATCTAACCAGAAAGCCACGGCTAACTACGTGC,HF_Sed,0.33468723,0.970588235,k__Bacteria p__Firmicutes c__Bacilli o__Lactobacillales f__Lactobacillaceae g__Lactobacillus s__,,,,,,,,,,,
4,GATGAACGCTGGCGGCGTGCTTAACACATGCAAGTCGAACGAAGCGATCGGGAGGAAGTTTTCGGATGGAATCCGGATTGACTGAGTGGCGGACGGGTGAGTAACGCGTGGGTAACCTGCCTCATACAGGGGGATAACAGTTAGAAATGACTGCTAATACCGCATAAGCGCACAGGGACACATGTTCCGGTGTGAAAAACTCCGGTGGTATGAGATGGACCCGCGTCTGATTAGCTGGTTGGCGGGGTAACGGCCCACCAAGGCGACGATCAGTAGCCGACCTGAGAGGGTGACCGGCCACATTGGGACTGAGACACGGCCCAAACTCCTACGGGAGGCAGCAGTGGGGAATATTGCACAATGGGGGAAACCCTGATGCAGCAACGCCGCGTGAGTGAAGAAGTATTTCGGTATGTAAAGCTCTATCAGCAGGGAAGAAGATGACGGTACCTGAGTAAGAAGCCCCGGCTAACTACGTGC,NC_Sed,0.238881954,0.970588235,k__Bacteria p__Firmicutes c__Clostridia o__Clostridiales f__Lachnospiraceae g__ s__,,,,,,,,,,,
4,GATGAACGCTGGCGGCGTGCCTAACACATGCAAGTCGAACGAAGCGACTGGAGGAAGTTTTCGGATGGAATCCGGTTGACTGAGTGGCGGACGGGTGAGTAACGCGTGGATAACCTGCCTCACACTGGGGGATAACAGTTAGAAATGGCTGCTAATACCGCATAAGCGCACAGTACCGCATGGTACGGTGTGAAAAACCCAGGTGGTGTGAGATGGATCCGCGTCTGATTAGCCAGTTGGCGGGGTAACGGCCCACCAAAGCGACGATCAGTAGCCGACCTGAGAGGGTGACCGGCCACATTGGGACTGAGACACGGCCCAAACTCCTACGGGAGGCAGCAGTGGGGAATATTGCACAATGGGCGCAAGCCTGATGCAGCGACGCCGCGTGAGTGAAGAAGTATCTCGGTATGTAAAGCTCTATCAGCAGGGAAGAAAATGACGGTACCTGACTAAGAAGCCCCGGCTAACTACGTGC,HF_Ex,-0.404702224,0.941176471,k__Bacteria p__Firmicutes c__Clostridia o__Clostridiales f__Lachnospiraceae g__Clostridium s__citroniae,,,,,,,,,,,
4,GATGAACGCTGGCGGCGTGCCTAACACATGCAAGTCGAACGAAGCGATTTGACGGAAGTTTTCGGATGGAAGTTGAATTGACTGAGTGGCGGACGGGTGAGTAACGCGTGGGTAACCTGCCTTGTACTGGGGGACAACAGTTAGAAATGACTGCTAATACCGCATAAGCGCACAGTATCGCATGATACGGTGTGAAAAACTCCGGTGGTACAAGATGGACCCGCGTCTGATTAGCTAGTTGGTAAGGTAACGGCTTACCAAGGCGACGATCAGTAGCCGACCTGAGAGGGTGACCGGCCACATTGGGACTGAGACACGGCCCAAACTCCTACGGGAGGCAGCAGTGGGGAATATTGCACAATGGGCGAAAGCCTGATGCAGCGACGCCGCGTGAGCGAAGAAGTATTTCGGTATGTAAAGCTCTATCAGCAGGGAAGAAAATGACGGTACCTGACTAAGAAGCCCCGGCTAACTACGTGC,HF_Ex,-0.267600403,0.941176471,k__Bacteria p__Firmicutes c__Clostridia o__Clostridiales f__Lachnospiraceae g__ s__,,,,,,,,,,,
4,GATGAACGCTGGCGGCGTGCCTAATACATGCAAGTCGAACGAAACTTCTTTATCACCGAGTGCTTGCACTCACCGATAAAGAGTTGAGTGGCGAACGGGTGAGTAACACGTGGGCAACCTGCCCAAAAGAGGGGGATAACACTTGGAAACAGGTGCTAATACCGCATAACCATAGTTACCGCATGGTAACTATGTAAAAGGTGGCTATGCTACCGCTTTTGGATGGGCCCGCGGCGCATTAGCTAGTTGGTGGGGTAAAGGCTTACCAAGGCAATGATGCGTAGCCGAACTGAGAGGTTGATCGGCCACATTGGGACTGAGACACGGCCCAAACTCCTACGGGAGGCAGCAGTAGGGAATCTTCCACAATGGGCGAAAGCCTGATGGAGCAACGCCGCGTGGGTGAAGAAGGTCTTCGGATCGTAAAACCCTGTTGTTAGAGAAGAAAGTGCGTGAGAGTAACTGTTCACGTTTCGACGGTATCTAACCAGAAAGCCACGGCTAACTACGTGC,HF_Sed,0.158717827,0.941176471,k__Bacteria p__Firmicutes c__Bacilli o__Lactobacillales f__Lactobacillaceae g__Lactobacillus s__,,,,,,,,,,,
4,GATGAACGCTGGCGGCGTGCCTAACACATGCAAGTCGAACGAAGCAATCAGGAGGAAGTTTTCGGATGGAATCCTGGTTGACTGAGTGGCGGACGGGTGAGTAACGCGTGGATAACCTGCCTCACACTGGGGGATAACAGTTAGAAATGGCTGCTAATACCGCATAAGCGCACAGTACCGCATGGTACGGTGTGAAAAACCCAGGTGGTGTGAGATGGATCCGCGTCTGATTAGCCAGTTGGCGGGGTAACGGCCCACCAAAGCGACGATCAGTAGCCGACCTGAGAGGGTGACCGGCCACATTGGGACTGAGACACGGCCCAAACTCCTACGGGAGGCAGCAGTGGGGAATATTGCACAATGGGCGCAAGCCTGATGCAGCGACGCCGCGTGAGTGAAGAAGTATCTCGGTATGTAAAGCTCTATCAGCAGGGAAGAAAATGACGGTACCTGACTAAGAAGCCCCGGCTAACTACGTGC,HF_Sed,-0.298508336,0.911764706,k__Bacteria p__Firmicutes c__Clostridia o__Clostridiales f__Lachnospiraceae g__Clostridium s__citroniae,,,,,,,,,,,
4,GATGAACGCTAGCGACAGGCCTAACACATGCAAGTCGAGGGGCAGCGGGGGAGTTAGCTTGCTAATTCCTGCCGGCGACCGGCGCACGGGTGAGTAACGCGTATGCGACCTGCCCGTCACAGGGGGATAATCCGGAGAAATCCGGTCTAATACCGCATGATATCGAGAGTCTGCATGGATTTTCGATTAAAGGAGCGATCCGGTGACGGATGGGCATGCGTGACATTAGCTAGTCGGCGGGGTAACGGCCCACCGAGGCGACGATGTCTAGGGGTTCTGAGAGGAAGGTCCCCCACACTGGTACTGAGACACGGACCAGACTCCTACGGGAGGCAGCAGTGAGGAATATTGGTCAATGGGCTTACGCCTGAACCAGCCAAGTCGCGTGAGGGAAGACTGCCCTATGGGTTGTAAACCTCTTTTGTCAGGGAGCAACAACATCTACGAGTAGGTGTTACGAGAGTACCTGAAGAAAAAGCATCGGCTAACTCCGTGC,HF_Ex,-0.135220924,0.911764706,k__Bacteria p__Bacteroidetes c__Bacteroidia o__Bacteroidales f__S24-7 g__ s__,,,,,,,,,,,
5,No ASV present in >90% of models constructed under cross validation,,,,,,,,,,,,,,,
6,GATGAACGCTGGCGGCATGCCTAATACATGCAAGTCGAACGGAACTTACTTGTTAAGTTCAGTGGCGAACGGGTGAGTAACACGTAGATAACCTGCCCATACCCGGGGGATACGCTTTGGAAACGAAGTCTAAAACCCCATGCGAAAGAACAAGGCATCTTGTCCTTTTTAAACAGGCCACCAAGCCTGGGGGATGAATGGATCTGCGGTGCATTAGTTAGTTGGTAAGACAATGGCTTACCAAGGCGATGATGCATAGCCGGCCTGAGAGGGCGATCGGCCACACTGGGACTGAGACACGGCCCAGACTCCTGCGGGAGGCAGCAGTAGGGAATTTTCGTCAATGGGCGCAAGCCTGAACGAGCAATGCCGCGTGAGTGAGGAAGGTCTTCGGATCGTAAAGCTCTGTTGCAGGTCAAAAAGGAAGGCAAGAGGAAATGCTTGTCTTTTGATGGTAGCCTGCCAGAAAGTCACGGCTAACTACGTGC,NC_Sed,-0.2681418,0.94117647,k__Bacteria p__Firmicutes c__Erysipelotrichi o__Erysipelotrichales f__Erysipelotrichaceae g__Allobaculum s__,,,,,,,,,,,
6,GATGAACGCTAGCGACAGGCTTAACACATGCAAGTCGAGGGGCAGCGGGGATGAAGCTTGCTTCATCCGCCGGCGACCGGCGCACGGGTGAGTAACACGTATGCAACCTGCCCCTGGCTGGGGGATAAGCCGGAGAAATCCGGTCTAATACCGCGTAACATCCTTGCGGGACATCCCGTTAGGATCAAAGGAAGCGATTCCGGCCAGGGATGGGCATGCGGCGCATTAGCTAGTCGGCGGGGTAACGGCCCACCGAGGCGACGATGCGTAGGGGTTCTGAGAGGAAGGTCCCCCACACTGGTACTGAGACACGGACCAGACTCCTACGGGAGGCAGCAGTGAGGAATATTGGTCAATGGTCGGGAGACTGAACCAGCCAAGCCGCGTGAGGGAAGAAGGTACAGCGTATCGTAAACCTCTTTTGCCGGGGAACAAGAGCTTCCACGAGTGGGAGTGTGAGCGTACCCGGAGAAAAAGCATCGGCTAACTCCGTGC,HF_Ex,0.25002328,0.94117647,k__Bacteria p__Bacteroidetes c__Bacteroidia o__Bacteroidales f__S24-7 g__ s__,,,,,,,,,,,
6,AACGAACGCTGGCGGCAGGCTTAACACATGCAAGTTGAACGTGATTATATCTGTGCTTGCACGGATATATGAAAGTAGCGCACGGGTGAGTAACACGTGGGAACGTACCTTAGAGTGGGGGATAACAGTTGGAAACGACTGCTAATACCGCATATGCCTTGAGGGGTAAAGATTTATCGCTTTAAGAACGGCCCGCGGAAGATTAGGTAGTTGGTGGGGTAAAGGCCTACCAAGCCTACGATCTATAGCTGGTCTGAGAGGACGATCAGCCACATTGGGACTGAGACACGGCCCAAACTCCTACGGGAGGCAGCAGTGAGGAATATTGGGCAATGGGGGCAACCCTGACCCAGCCATGCCGCGTGAGTGAAGAAGGTCTTCGGATTGTAAAGCTCTTTCGGACGTGACGATGATGACGGTAGCGTCTAAAGAAGCACCGGCAAACTTCGTGC,NC_Ex,0.12087906,0.94117647,k__Bacteria p__Proteobacteria c__Alphaproteobacteria o__RF32 f__ g__ s__,,,,,,,,,,,
6,GATGAACGCTAGCGACAGGCTTAACACATGCAAGTCGAGGGGCAGCGGGGGCGCAGCAATGCGCCTGCCGGCGACCGGCGCACGGGTGAGTAACACGTATGCAACCTGCCCGCCGCAGGGGTATAACCGGGGGAAACCCCGACTAATCCCGCATGACACCCCGTGGAGGCATCTCCTCGGGGTCAAAGGAGCGATCCGGCGGCGGATGGGCATGCGTCGCATTAGCTAGTCGGCGGGGTAACGGCCCACCGAGGCGACGATGCGTAGGGGTTCTGAGAGGAAGGCCCCCCACACTGGTACTGAGACACGGACCAGACTCCTACGGGAGGCAGCAGTGAGGAATATTGGTCAATGGGCGGAAGCCTGAACCAGCCAAGTCGCGTGAGGGAAGAAGGCCCTGCGGGTCGCAGACCTCTTTGGACGGGGAGCAAGGCCGCCGACGTGTCGGCGGAAGGAGAGTACCCGTAGAACAAGCATCGGCTAACTCCGTGC,HF_Ex,-0.2676474,0.91176471,k__Bacteria p__Bacteroidetes c__Bacteroidia o__Bacteroidales f__S24-7 g__ s__,,,,,,,,,,,
6,GATGAACGCTGGCGGCGTGCCTAACACATGCAAGTCGAGCGGAGCGGTCTTGATGAAGTTTTCGGATGGAATCAGGATTGACTTAGCGGCGGACGGGTGAGTAACACGTGGATAACCTGCCTTATACTGGGGGATAACAGCCAGAAATGGCTGCTAATACCGCATAAGCGCACGGCGCCGCATGGCGCAGTGTGAAAAACTCCGGTGGTATAAGATGGATCCGCGCCTGATTAGCTAGTTGGCGGGGCAGCGGCCCACCAAGGCGACGATCAGTAGCCGGCCTGAGAGGGCGACCGGCCACATTGGGACTGAGACACGGCCCAAACTCCTACGGGAGGCAGCAGTGGGGAATATTGCACAATGGGGGGAACCCTGATGCAGCGACGCCGCGTGAGTGAAGAAGTATTTCGGTATGTAAAGCTCTATCAGCAGGGAAGAAGATGACGGTACCTGACTAAGAAGCCCCGGCTAACTACGTGC,HF_Sed,0.24666614,0.91176471,k__Bacteria p__Firmicutes c__Clostridia o__Clostridiales f__Lachnospiraceae g__ s__,,,,,,,,,,,